name,area,category,rating,reviews,price_text,price_min,price_max,address,distance_m,hours,website,matched_osm,source_maps
Sunrise Tacos MEXICAN GRILL,อโศก,ภัตตาคารอาหารเม็กซิกัน,4.7,5001,฿200-400,200,400,88 ซอย สุขุมวิท 19 แขวงคลองเตยเหนือ เขตทวีวัฒนา กรุงเทพมหานคร 10110 ไทย,117,วันอังคาร 10:00 to 22:00 · วันพุธ 10:00 to 22:00 · วันพฤหัสบดี 10:00 to 22:00 · วันศุกร์ 10:00 to 22:00 · วันเสาร์ 10:00 to 22:00 · วันอาทิตย์ 10:00 to 22:00 · วันจันทร์ 10:00 to 22:00,https://www.sunrisetacos.com/,True,https://www.google.com/maps/search/?api=1&query=Sunrise%20Tacos%20MEXICAN%20GRILL&query_place_id=ChIJxaq1oeOe4jAROvyHinpPC-Q
พาสต้าอาม่า สยามเซ็นเตอร์,สยาม,ร้านอาหาร,4.9,4762,฿200-400,200,400,"สยามเซ็นเตอร์ ชั้น 2, 979 ถ. พระรามที่ 1 ปทุมวัน, เขตปทุมวัน กรุงเทพมหานคร 10330 ไทย",103,วันอังคาร 10:00 to 21:00 · วันพุธ 10:00 to 21:00 · วันพฤหัสบดี 10:00 to 21:00 · วันศุกร์ 10:00 to 21:00 · วันเสาร์ 10:00 to 21:00 · วันอาทิตย์ 10:00 to 21:00 · วันจันทร์ 10:00 to 21:00,https://www.openlink.co/pastaama,False,https://www.google.com/maps/search/?api=1&query=%E0%B8%9E%E0%B8%B2%E0%B8%AA%E0%B8%95%E0%B9%89%E0%B8%B2%E0%B8%AD%E0%B8%B2%E0%B8%A1%E0%B9%88%E0%B8%B2%20%E0%B8%AA%E0%B8%A2%E0%B8%B2%E0%B8%A1%E0%B9%80%E0%B8%8B%E0%B9%87%E0%B8%99%E0%B9%80%E0%B8%95%E0%B8%AD%E0%B8%A3%E0%B9%8C&query_place_id=ChIJwSrCL8uf4jARQB4sChigQRE
ปาล่า พิซซ่า โรมานา,อโศก,ร้านพิซซ่า,4.5,4496,฿200-600,200,600,Room 1 BTS/MRT ซ. สุขุมวิท 23 แขวงคลองเตยเหนือ เขตวัฒนา กรุงเทพมหานคร 10110 ไทย,162,วันอังคาร 7:00 to 22:30 · วันพุธ 7:00 to 22:30 · วันพฤหัสบดี 7:00 to 22:30 · วันศุกร์ 7:00 to 22:30 · วันเสาร์ 7:00 to 22:30 · วันอาทิตย์ 7:00 to 22:30 · วันจันทร์ 7:00 to 22:30,http://www.palapizzabangkok.com/,False,https://www.google.com/maps/search/?api=1&query=%E0%B8%9B%E0%B8%B2%E0%B8%A5%E0%B9%88%E0%B8%B2%20%E0%B8%9E%E0%B8%B4%E0%B8%8B%E0%B8%8B%E0%B9%88%E0%B8%B2%20%E0%B9%82%E0%B8%A3%E0%B8%A1%E0%B8%B2%E0%B8%99%E0%B8%B2&query_place_id=ChIJc90ABuOe4jARvO5E1UXZcZI
Kaokaobom,สยาม,ภัตตาคารอาหารเกาหลี,4.8,3929,฿200-400,200,400,"Floor 4, Siam Square One Unit SS #4024, 388 ถ. พระรามที่ 1 เขตปทุมวัน กรุงเทพมหานคร 10330 ไทย",115,วันอังคาร 11:00 to 22:00 · วันพุธ 11:00 to 22:00 · วันพฤหัสบดี 11:00 to 22:00 · วันศุกร์ 11:00 to 22:00 · วันเสาร์ 11:00 to 22:00 · วันอาทิตย์ 11:00 to 22:00 · วันจันทร์ 11:00 to 22:00,https://www.facebook.com/profile.php?id=61550853102840&mibextid=LQQJ4d,False,https://www.google.com/maps/search/?api=1&query=Kaokaobom&query_place_id=ChIJI56e6E2f4jARYR2F7HN3K50
Indulge Restaurant & Cocktail Bar,อโศก,ภัตตาคารอาหารไทย,4.7,3688,"฿400-1,400",400,1400,"403-403/1, 407 407/1 ถ. สุขุมวิท แขวงคลองเตยเหนือ เขตวัฒนา กรุงเทพมหานคร 10110 ไทย",241,วันอังคาร 7:30 to 1:00 · วันพุธ 7:30 to 1:00 · วันพฤหัสบดี 7:30 to 1:00 · วันศุกร์ 7:30 to 1:00 · วันเสาร์ 7:30 to 1:00 · วันอาทิตย์ 7:30 to 1:00 · วันจันทร์ 7:30 to 1:00,http://www.indulgebangkok.com/,False,https://www.google.com/maps/search/?api=1&query=Indulge%20Restaurant%20%26%20Cocktail%20Bar&query_place_id=ChIJvcw2HuOe4jARNkjje3ATS18
"Jim Thompson, A Thai Restaurant",สยาม,ภัตตาคารอาหารไทย,4.8,3623,"฿1,000+",1000,,"6/1,6 2 ซ. เกษมสันต์ 2 แขวงวังใหม่ เขตปทุมวัน กรุงเทพมหานคร 10330 ไทย",686,"วันอังคาร 11:30 to 16:00, 18:00 to 22:00 · วันพุธ 11:30 to 16:00, 18:00 to 22:00 · วันพฤหัสบดี 11:30 to 16:00, 18:00 to 22:00 · วันศุกร์ 11:30 to 16:00, 18:00 to 22:00 · วันเสาร์ 11:30 to 16:00, 18:00 to 22:00 · วันอาทิตย์ 11:30 to 16:00, 18:00 to 22:00 · วันจันทร์ 11:30 to 16:00, 18:00 to 22:00",https://jimthompsonrestaurant.com/restaurant/a-thai-restaurant/,False,https://www.google.com/maps/search/?api=1&query=Jim%20Thompson%2C%20A%20Thai%20Restaurant&query_place_id=ChIJKVqr3I6Z4jARPi6t_zvvL1A
เสวย เทอร์มินอล 21 อโศก,อโศก,ภัตตาคารอาหารทะเล,4.6,3616,"฿200-1,200",200,1200,ห้องเลขที่ SH-5 ศูนย์การค้าเทอร์มินอล 21 015 ชั้นที่ 5 อโศก 88 แขวงคลองเตยเหนือ เขตวัฒนา กรุงเทพมหานคร 10110 ไทย,114,วันอังคาร 10:00 to 22:00 · วันพุธ 10:00 to 22:00 · วันพฤหัสบดี 10:00 to 22:00 · วันศุกร์ 10:00 to 22:00 · วันเสาร์ 10:00 to 22:00 · วันอาทิตย์ 10:00 to 22:00 · วันจันทร์ 10:00 to 22:00,https://www.savoey.co.th/,False,https://www.google.com/maps/search/?api=1&query=%E0%B9%80%E0%B8%AA%E0%B8%A7%E0%B8%A2%20%E0%B9%80%E0%B8%97%E0%B8%AD%E0%B8%A3%E0%B9%8C%E0%B8%A1%E0%B8%B4%E0%B8%99%E0%B8%AD%E0%B8%A5%2021%20%E0%B8%AD%E0%B9%82%E0%B8%A8%E0%B8%81&query_place_id=ChIJ1afT-oif4jARvl-Fq22OydQ
จากึมซอง สยามสแควร์ วัน,สยาม,ภัตตาคารอาหารเกาหลี,4.9,3473,฿200-400,200,400,388 ชั้น 5 ห้องเลขที่ ss5016 อาคารสยามสแควร์วัน ิ แขวงปทุมวัน เขตปทุมวัน กรุงเทพมหานคร 10330 ไทย,147,วันอังคาร 11:00 to 21:30 · วันพุธ 11:00 to 21:30 · วันพฤหัสบดี 11:00 to 21:30 · วันศุกร์ 11:00 to 21:30 · วันเสาร์ 11:00 to 21:30 · วันอาทิตย์ 11:00 to 21:30 · วันจันทร์ 11:00 to 21:30,https://www.facebook.com/jaguemsong?rdid=VbBmB5fF5zyWbvhL&share_url=https%3A%2F%2Fwww.facebook.com%2Fshare%2F17X7ZspykB%2F#,False,https://www.google.com/maps/search/?api=1&query=%E0%B8%88%E0%B8%B2%E0%B8%81%E0%B8%B6%E0%B8%A1%E0%B8%8B%E0%B8%AD%E0%B8%87%20%E0%B8%AA%E0%B8%A2%E0%B8%B2%E0%B8%A1%E0%B8%AA%E0%B9%81%E0%B8%84%E0%B8%A7%E0%B8%A3%E0%B9%8C%20%E0%B8%A7%E0%B8%B1%E0%B8%99&query_place_id=ChIJI9ZH5vGf4jAR4EfOG4k_M8c
โกปี๊ฮับ ไพรม์ อารีย์,อารีย์,ภัตตาคารอาหารติ่มซำ,4.8,3430,฿200-400,200,400,33 ซอย อารีย์ 2 แขวงพญาไท เขตพญาไท กรุงเทพมหานคร 10400 ไทย,249,วันอังคาร 9:00 to 21:00 · วันพุธ 9:00 to 21:00 · วันพฤหัสบดี 9:00 to 21:00 · วันศุกร์ 9:00 to 21:00 · วันเสาร์ 7:00 to 21:00 · วันอาทิตย์ 7:00 to 21:00 · วันจันทร์ 9:00 to 21:00,https://kopihub.co/,False,https://www.google.com/maps/search/?api=1&query=%E0%B9%82%E0%B8%81%E0%B8%9B%E0%B8%B5%E0%B9%8A%E0%B8%AE%E0%B8%B1%E0%B8%9A%20%E0%B9%84%E0%B8%9E%E0%B8%A3%E0%B8%A1%E0%B9%8C%20%E0%B8%AD%E0%B8%B2%E0%B8%A3%E0%B8%B5%E0%B8%A2%E0%B9%8C&query_place_id=ChIJgdqs_tuf4jARl5VCETZn0do
บิ๊ก มาม่า อาหารอิตาเลียน,อโศก,ร้านอาหารอิตาเลียน,4.5,3392,"฿200-1,000",200,1000,"139 Soi Sukhumvit 21 (Asoke Soi 1 North Klongtoey, เขตวัฒนา กรุงเทพมหานคร 10110 ไทย",239,วันอังคาร 11:00 to 23:00 · วันพุธ 11:00 to 23:00 · วันพฤหัสบดี 11:00 to 23:00 · วันศุกร์ 11:00 to 23:00 · วันเสาร์ 11:00 to 23:00 · วันอาทิตย์ 11:00 to 23:00 · วันจันทร์ 11:00 to 23:00,,True,https://www.google.com/maps/search/?api=1&query=%E0%B8%9A%E0%B8%B4%E0%B9%8A%E0%B8%81%20%E0%B8%A1%E0%B8%B2%E0%B8%A1%E0%B9%88%E0%B8%B2%20%E0%B8%AD%E0%B8%B2%E0%B8%AB%E0%B8%B2%E0%B8%A3%E0%B8%AD%E0%B8%B4%E0%B8%95%E0%B8%B2%E0%B9%80%E0%B8%A5%E0%B8%B5%E0%B8%A2%E0%B8%99&query_place_id=ChIJi-pmk-Se4jARCDDEZaF5zfw
Gigi Eatery Asoke,อโศก,ร้านอาหารอิตาเลียน,4.8,3333,"฿400-1,400",400,1400,28 ซอย สุขุมวิท 19 แขวงคลองตันเหนือ เขตวัฒนา กรุงเทพมหานคร 10110 ไทย,185,วันอังคาร 7:00 to 0:00 · วันพุธ 7:00 to 0:00 · วันพฤหัสบดี 7:00 to 0:00 · วันศุกร์ 7:00 to 0:00 · วันเสาร์ 7:00 to 0:00 · วันอาทิตย์ 7:00 to 0:00 · วันจันทร์ 7:00 to 0:00,http://gigibangkok.com/gigi-eatery-asoke/,False,https://www.google.com/maps/search/?api=1&query=Gigi%20Eatery%20Asoke&query_place_id=ChIJw5WEJoqf4jARFC4PiDtFCzc
ร้านบุญตงกี่ เอ็มควอเทียร์,พร้อมพงษ์,ร้านอาหาร,4.8,3211,฿200-400,200,400,"21, 3 ถ. สุขุมวิท แขวงคลองตัน เขตคลองเตย กรุงเทพมหานคร 10110 ไทย",97,วันอังคาร 10:00 to 21:00 · วันพุธ 10:00 to 21:00 · วันพฤหัสบดี 10:00 to 21:00 · วันศุกร์ 10:00 to 21:00 · วันเสาร์ 10:00 to 21:00 · วันอาทิตย์ 10:00 to 21:00 · วันจันทร์ 10:00 to 21:00,,False,https://www.google.com/maps/search/?api=1&query=%E0%B8%A3%E0%B9%89%E0%B8%B2%E0%B8%99%E0%B8%9A%E0%B8%B8%E0%B8%8D%E0%B8%95%E0%B8%87%E0%B8%81%E0%B8%B5%E0%B9%88%20%E0%B9%80%E0%B8%AD%E0%B9%87%E0%B8%A1%E0%B8%84%E0%B8%A7%E0%B8%AD%E0%B9%80%E0%B8%97%E0%B8%B5%E0%B8%A2%E0%B8%A3%E0%B9%8C&query_place_id=ChIJ92EjMZSf4jARr30rsxvukrQ
Inter Restaurant since 1981,สยาม,ภัตตาคารอาหารไทย,4.4,3027,฿200-400,200,400,432/1-2 ซอย สยามสแควร์ 9 แขวงปทุมวัน เขตปทุมวัน กรุงเทพมหานคร 10330 ไทย,193,วันอังคาร 11:00 to 20:30 · วันพุธ 11:00 to 20:30 · วันพฤหัสบดี 11:00 to 20:30 · วันศุกร์ 11:00 to 20:30 · วันเสาร์ 11:00 to 20:30 · วันอาทิตย์ 11:00 to 20:30 · วันจันทร์ 11:00 to 20:30,https://www.facebook.com/InterRestaurants1981,False,https://www.google.com/maps/search/?api=1&query=Inter%20Restaurant%20since%201981&query_place_id=ChIJV1UGZABiHTERoiXISIWa6-o
ครัวเจียงใหม่ - ทองหล่อ,ทองหล่อ,ภัตตาคารอาหารไทย,4.8,2745,฿200-400,200,400,125 24 ถ. ทองหล่อ แขวงคลองตันเหนือ เขตวัฒนา กรุงเทพมหานคร 10110 ไทย,834,วันอังคาร 10:00 to 1:00 · วันพุธ 10:00 to 1:00 · วันพฤหัสบดี 10:00 to 1:00 · วันศุกร์ 10:00 to 1:00 · วันเสาร์ 10:00 to 1:00 · วันอาทิตย์ 10:00 to 1:00 · วันจันทร์ 10:00 to 1:00,,False,https://www.google.com/maps/search/?api=1&query=%E0%B8%84%E0%B8%A3%E0%B8%B1%E0%B8%A7%E0%B9%80%E0%B8%88%E0%B8%B5%E0%B8%A2%E0%B8%87%E0%B9%83%E0%B8%AB%E0%B8%A1%E0%B9%88%20-%20%E0%B8%97%E0%B8%AD%E0%B8%87%E0%B8%AB%E0%B8%A5%E0%B9%88%E0%B8%AD&query_place_id=ChIJh7s6GVOe4jAReTmapQOwBQ0
Ryoku Cafe,พร้อมพงษ์,ร้านอาหาร,4.7,2573,฿200-400,200,400,28 ซ. สุขุมวิท 35 แขวงคลองตันเหนือ เขตวัฒนา กรุงเทพมหานคร 10110 ไทย,596,วันอังคาร 8:00 to 20:00 · วันพุธ 8:00 to 20:00 · วันพฤหัสบดี 8:00 to 20:00 · วันศุกร์ 8:00 to 20:00 · วันเสาร์ 8:00 to 20:00 · วันอาทิตย์ 8:00 to 20:00 · วันจันทร์ 8:00 to 20:00,https://m.facebook.com/ryokucafe/,False,https://www.google.com/maps/search/?api=1&query=Ryoku%20Cafe&query_place_id=ChIJa99RCDmd4jARv5vENrAty2s
ศรีตราด,พร้อมพงษ์,ภัตตาคารอาหารไทย,4.5,2542,"฿400-1,400",400,1400,90 ซ. สุขุมวิท 33 แขวงคลองตันเหนือ เขตวัฒนา กรุงเทพมหานคร 10110 ไทย,722,วันอังคาร 11:00 to 22:30 · วันพุธ 11:00 to 22:30 · วันพฤหัสบดี 11:00 to 22:30 · วันศุกร์ 11:00 to 22:30 · วันเสาร์ 11:00 to 22:30 · วันอาทิตย์ 11:00 to 22:30 · วันจันทร์ 11:00 to 22:30,https://www.facebook.com/sritrat/,False,https://www.google.com/maps/search/?api=1&query=%E0%B8%A8%E0%B8%A3%E0%B8%B5%E0%B8%95%E0%B8%A3%E0%B8%B2%E0%B8%94&query_place_id=ChIJoc-7O_ye4jARa2GblY_w4Bo
บะหมี่คนแซ่ลี ทองหล่อ,พร้อมพงษ์,ร้านก๋วยเตี๋ยว,4.4,2536,฿1-200,1,200,1081 ถ. สุขุมวิท แขวง วัฒนา เขตวัฒนา กรุงเทพมหานคร 10110 ไทย,1335,วันอังคาร 7:00 to 0:00 · วันพุธ 7:00 to 0:00 · วันพฤหัสบดี 7:00 to 0:00 · วันศุกร์ 7:00 to 0:00 · วันเสาร์ 7:00 to 0:00 · วันอาทิตย์ 7:00 to 0:00 · วันจันทร์ 7:00 to 0:00,,False,https://www.google.com/maps/search/?api=1&query=%E0%B8%9A%E0%B8%B0%E0%B8%AB%E0%B8%A1%E0%B8%B5%E0%B9%88%E0%B8%84%E0%B8%99%E0%B9%81%E0%B8%8B%E0%B9%88%E0%B8%A5%E0%B8%B5%20%E0%B8%97%E0%B8%AD%E0%B8%87%E0%B8%AB%E0%B8%A5%E0%B9%88%E0%B8%AD&query_place_id=ChIJXUzQ0Kif4jARpupfUL8zxTQ
โค-ร-ต KORATA (Siam Square),สยาม,ภัตตาคารอาหารไทย,4.9,2531,฿200-600,200,600,สยามสแควร์ ซอย 3 แขวงปทุมวัน เขตปทุมวัน กรุงเทพมหานคร 10330 ไทย,153,วันอังคาร 11:30 to 22:00 · วันพุธ 11:30 to 22:00 · วันพฤหัสบดี 11:30 to 22:00 · วันศุกร์ 11:30 to 22:00 · วันเสาร์ 11:30 to 22:00 · วันอาทิตย์ 11:30 to 22:00 · วันจันทร์ 11:30 to 22:00,https://openlink.co/korata_th,False,https://www.google.com/maps/search/?api=1&query=%E0%B9%82%E0%B8%84-%E0%B8%A3-%E0%B8%95%20KORATA%20(Siam%20Square)&query_place_id=ChIJ0xYxXwCf4jARPtJNOp_WXm8
เล ลาว - ร้านส้มตำรางวัลมิชลิน 5 ปีซ้อน,อารีย์,ภัตตาคารอาหารไทย,4.5,2454,฿400-600,400,600,65 ซ. พหลโยธิน 7 แขวงสามเสนใน เขตพญาไท กรุงเทพมหานคร 10400 ไทย,218,วันอังคาร 10:30 to 22:00 · วันพุธ 10:30 to 22:00 · วันพฤหัสบดี 10:30 to 22:00 · วันศุกร์ 10:30 to 22:00 · วันเสาร์ 10:30 to 22:00 · วันอาทิตย์ 10:30 to 22:00 · วันจันทร์ 10:30 to 22:00,https://facebook.com/laylao.restaurant,False,https://www.google.com/maps/search/?api=1&query=%E0%B9%80%E0%B8%A5%20%E0%B8%A5%E0%B8%B2%E0%B8%A7%20-%20%E0%B8%A3%E0%B9%89%E0%B8%B2%E0%B8%99%E0%B8%AA%E0%B9%89%E0%B8%A1%E0%B8%95%E0%B8%B3%E0%B8%A3%E0%B8%B2%E0%B8%87%E0%B8%A7%E0%B8%B1%E0%B8%A5%E0%B8%A1%E0%B8%B4%E0%B8%8A%E0%B8%A5%E0%B8%B4%E0%B8%99%205%20%E0%B8%9B%E0%B8%B5%E0%B8%8B%E0%B9%89%E0%B8%AD%E0%B8%99&query_place_id=ChIJ44AEpx2c4jARZKaM12f1HQI
นารา ไทยคูซีน สยามพารากอน,สยาม,ภัตตาคารอาหารไทย,4.7,2433,"฿400-1,600",400,1600,991 ถ. พระรามที่ 1 แขวงปทุมวัน เขตปทุมวัน กรุงเทพมหานคร 10330 ไทย,237,วันอังคาร 11:00 to 22:00 · วันพุธ 11:00 to 22:00 · วันพฤหัสบดี 11:00 to 22:00 · วันศุกร์ 11:00 to 22:00 · วันเสาร์ 11:00 to 22:00 · วันอาทิตย์ 11:00 to 22:00 · วันจันทร์ 11:00 to 22:00,http://www.naracuisine.com/,False,https://www.google.com/maps/search/?api=1&query=%E0%B8%99%E0%B8%B2%E0%B8%A3%E0%B8%B2%20%E0%B9%84%E0%B8%97%E0%B8%A2%E0%B8%84%E0%B8%B9%E0%B8%8B%E0%B8%B5%E0%B8%99%20%E0%B8%AA%E0%B8%A2%E0%B8%B2%E0%B8%A1%E0%B8%9E%E0%B8%B2%E0%B8%A3%E0%B8%B2%E0%B8%81%E0%B8%AD%E0%B8%99&query_place_id=ChIJydbe6c2e4jARwqxg9p3rK9Y
"BARTELS Asok - Sourdough Sandwiches, Coffee & Juicery",อโศก,ภัตตาคารอาหารเช้าและกลางวัน,4.8,2422,฿200-400,200,400,199/9-11 ถ. สุขุมวิท แขวงคลองเตยเหนือ เขตวัฒนา กรุงเทพมหานคร 10110 ไทย,255,วันอังคาร 7:00 to 18:00 · วันพุธ 7:00 to 18:00 · วันพฤหัสบดี 7:00 to 18:00 · วันศุกร์ 7:00 to 18:00 · วันเสาร์ 7:00 to 18:00 · วันอาทิตย์ 7:00 to 18:00 · วันจันทร์ 7:00 to 18:00,https://bartelsthailand.com/,False,https://www.google.com/maps/search/?api=1&query=BARTELS%20Asok%20-%20Sourdough%20Sandwiches%2C%20Coffee%20%26%20Juicery&query_place_id=ChIJa7RbIkGf4jARxc9xrSROCts
Breakfast Story Asok,อโศก,ร้านอาหาร,4.7,2190,฿200-400,200,400,392 9 ถ. สุขุมวิท แขวงคลองเตย เขตคลองเตย กรุงเทพมหานคร 10110 ไทย,494,วันอังคาร 7:00 to 23:00 · วันพุธ 7:00 to 23:00 · วันพฤหัสบดี 7:00 to 23:00 · วันศุกร์ 7:00 to 23:00 · วันเสาร์ 7:00 to 23:00 · วันอาทิตย์ 7:00 to 23:00 · วันจันทร์ 7:00 to 23:00,https://www.breakfaststorybkk.com/,True,https://www.google.com/maps/search/?api=1&query=Breakfast%20Story%20Asok&query_place_id=ChIJMw0BZtif4jARRmhD6_Xutpw
Madam Saranair Thai Food Restaurant,อโศก,ภัตตาคารอาหารไทย,4.5,2188,"฿200-1,000",200,1000,"139/1 Soi Sukhumvit 21 (Asoke Soi 1 sub-district, เขตวัฒนา กรุงเทพมหานคร 10110 ไทย",218,วันอังคาร 11:00 to 23:00 · วันพุธ 11:00 to 23:00 · วันพฤหัสบดี 11:00 to 23:00 · วันศุกร์ 11:00 to 23:00 · วันเสาร์ 11:00 to 23:00 · วันอาทิตย์ 11:00 to 23:00 · วันจันทร์ 11:00 to 23:00,,True,https://www.google.com/maps/search/?api=1&query=Madam%20Saranair%20Thai%20Food%20Restaurant&query_place_id=ChIJ1bV7lOSe4jARZfwCIKXKyNU
อิ่มจัง,พร้อมพงษ์,ภัตตาคารอาหารไทย,4.1,2004,฿200-400,200,400,669 ปาก ซอย สุขุมวิท 37 แขวงคลองตันเหนือ เขตวัฒนา กรุงเทพมหานคร 10110 ไทย,69,วันอังคาร 6:00 to 23:00 · วันพุธ 6:00 to 23:00 · วันพฤหัสบดี 6:00 to 23:00 · วันศุกร์ 6:00 to 23:00 · วันเสาร์ 6:00 to 23:00 · วันอาทิตย์ 6:00 to 23:00 · วันจันทร์ 6:00 to 23:00,,False,https://www.google.com/maps/search/?api=1&query=%E0%B8%AD%E0%B8%B4%E0%B9%88%E0%B8%A1%E0%B8%88%E0%B8%B1%E0%B8%87&query_place_id=ChIJC9ylnwGf4jARk-u36KghWJI
Mozza by Cocotte - EmQuartier,พร้อมพงษ์,ร้านอาหารอิตาเลียน,4.4,1981,"฿400-1,600",400,1600,693 ถ. สุขุมวิท Klongton Klongtoey กรุงเทพมหานคร 10110 ไทย,137,วันอังคาร 8:00 to 22:00 · วันพุธ 8:00 to 22:00 · วันพฤหัสบดี 8:00 to 22:00 · วันศุกร์ 8:00 to 23:00 · วันเสาร์ 8:00 to 23:00 · วันอาทิตย์ 8:00 to 22:00 · วันจันทร์ 8:00 to 22:00,https://mozza-bangkok.com/,False,https://www.google.com/maps/search/?api=1&query=Mozza%20by%20Cocotte%20-%20EmQuartier&query_place_id=ChIJa65k8wGf4jARN4hQk0SoakI
Sit and Wonder,พร้อมพงษ์,ภัตตาคารอาหารไทย,4.5,1969,฿200-400,200,400,119 ซอย สุขุมวิท 57 แขวงคลองตันเหนือ เขตวัฒนา กรุงเทพมหานคร 10110 ไทย,1264,วันอังคาร 11:00 to 22:30 · วันพุธ 11:00 to 22:30 · วันพฤหัสบดี 11:00 to 22:30 · วันศุกร์ 11:00 to 22:30 · วันเสาร์ 11:00 to 22:30 · วันอาทิตย์ 11:00 to 22:30 · วันจันทร์ 11:00 to 22:30,https://www.sitandwonderbkk.com/,False,https://www.google.com/maps/search/?api=1&query=Sit%20and%20Wonder&query_place_id=ChIJK2vw16if4jARNY3pRc4cfFw
Have a Zeed - Terminal 21 Asoke,อโศก,ภัตตาคารอาหารไทย,4.1,1964,"฿200-1,000",200,1000,"4th floor ,88 แขวงคลองเตยเหนือ เขตวัฒนา กรุงเทพมหานคร 10110 ไทย",112,วันอังคาร 10:00 to 22:00 · วันพุธ 10:00 to 22:00 · วันพฤหัสบดี 10:00 to 22:00 · วันศุกร์ 10:00 to 22:00 · วันเสาร์ 10:00 to 22:00 · วันอาทิตย์ 10:00 to 22:00 · วันจันทร์ 10:00 to 22:00,http://www.facebook.com/haveazeed,False,https://www.google.com/maps/search/?api=1&query=Have%20a%20Zeed%20-%20Terminal%2021%20Asoke&query_place_id=ChIJ9eldoOOe4jARMJiqUgk_9HA
Tonkotsu Kazan Ramen (Siam Center),สยาม,ภัตตาคารอาหารญี่ปุ่น,4.8,1902,฿200-400,200,400,979 Siam Center ชั้นที่ 2 ถ. พระรามที่ 1 แขวงปทุมวัน เขตปทุมวัน กรุงเทพมหานคร 10330 ไทย,149,วันอังคาร 10:00 to 21:00 · วันพุธ 10:00 to 21:00 · วันพฤหัสบดี 10:00 to 21:00 · วันศุกร์ 10:00 to 21:00 · วันเสาร์ 10:00 to 21:00 · วันอาทิตย์ 10:00 to 21:00 · วันจันทร์ 10:00 to 21:00,http://www.facebook.com/kazanramenthai,True,https://www.google.com/maps/search/?api=1&query=Tonkotsu%20Kazan%20Ramen%20(Siam%20Center)&query_place_id=ChIJAz46NDyf4jARAQh-S7JzF20
อองตองข้าวซอย สาขา อารีย์,อารีย์,ภัตตาคารอาหารไทย,4.3,1857,฿200-400,200,400,31 พหลโยธิน ซอย 7 แขวงพญาไท เขตพญาไท กรุงเทพมหานคร 10400 ไทย,160,วันอังคาร 9:00 to 20:30 · วันพุธ 9:00 to 20:30 · วันพฤหัสบดี 9:00 to 20:30 · วันศุกร์ 9:00 to 20:30 · วันเสาร์ 9:00 to 20:30 · วันอาทิตย์ 9:00 to 20:30 · วันจันทร์ 9:00 to 20:30,,True,https://www.google.com/maps/search/?api=1&query=%E0%B8%AD%E0%B8%AD%E0%B8%87%E0%B8%95%E0%B8%AD%E0%B8%87%E0%B8%82%E0%B9%89%E0%B8%B2%E0%B8%A7%E0%B8%8B%E0%B8%AD%E0%B8%A2%20%E0%B8%AA%E0%B8%B2%E0%B8%82%E0%B8%B2%20%E0%B8%AD%E0%B8%B2%E0%B8%A3%E0%B8%B5%E0%B8%A2%E0%B9%8C&query_place_id=ChIJT2m3lx2c4jARfziuf8CSZBY
Brooks brunch & bar Ari,อารีย์,ร้านอาหาร,4.8,1771,"฿400-1,000",400,1000,18 ซอย อารีย์ 4 ฝั่งเหนือ แขวงพญาไท เขตพญาไท กรุงเทพมหานคร 10400 ไทย,438,วันอังคาร 8:30 to 0:00 · วันพุธ 8:30 to 0:00 · วันพฤหัสบดี 8:30 to 0:00 · วันศุกร์ 8:30 to 0:00 · วันเสาร์ 8:30 to 0:00 · วันอาทิตย์ 8:30 to 0:00 · วันจันทร์ 8:30 to 0:00,https://linktr.ee/brooks.brunchandbar,False,https://www.google.com/maps/search/?api=1&query=Brooks%20brunch%20%26%20bar%20Ari&query_place_id=ChIJh4PTdWyd4jARLZPuo5nt_q4
"Supanniga Eating Room, Thonglor : ห้องทานข้าวสุพรรณิการ์ ทองหล่อ",ทองหล่อ,ภัตตาคารอาหารไทย,4.4,1727,"฿400-1,600",400,1600,160/11 ถ. ทองหล่อ แขวงคลองตันเหนือ เขตวัฒนา กรุงเทพมหานคร 10110 ไทย,837,วันอังคาร 10:00 to 22:00 · วันพุธ 10:00 to 22:00 · วันพฤหัสบดี 10:00 to 22:00 · วันศุกร์ 10:00 to 22:00 · วันเสาร์ 10:00 to 22:00 · วันอาทิตย์ 10:00 to 22:00 · วันจันทร์ 10:00 to 22:00,http://www.supannigaeatingroom.com/,False,https://www.google.com/maps/search/?api=1&query=Supanniga%20Eating%20Room%2C%20Thonglor%20%3A%20%E0%B8%AB%E0%B9%89%E0%B8%AD%E0%B8%87%E0%B8%97%E0%B8%B2%E0%B8%99%E0%B8%82%E0%B9%89%E0%B8%B2%E0%B8%A7%E0%B8%AA%E0%B8%B8%E0%B8%9E%E0%B8%A3%E0%B8%A3%E0%B8%93%E0%B8%B4%E0%B8%81%E0%B8%B2%E0%B8%A3%E0%B9%8C%20%E0%B8%97%E0%B8%AD%E0%B8%87%E0%B8%AB%E0%B8%A5%E0%B9%88%E0%B8%AD&query_place_id=ChIJYSgxk6yf4jAROxN8pCQzqJA
เคนชิน อิซากายะ สาขาอโศก,อโศก,ร้านอาหารอิซาคายะ,4.3,1693,฿400-600,400,600,155 ถนน อโศกมนตรี แขวงคลองเตยเหนือ เขตวัฒนา กรุงเทพมหานคร 10110 ไทย,252,วันอังคาร 11:00 to 0:00 · วันพุธ 11:00 to 0:00 · วันพฤหัสบดี 11:00 to 0:00 · วันศุกร์ 11:00 to 0:00 · วันเสาร์ 11:00 to 0:00 · วันอาทิตย์ 11:00 to 0:00 · วันจันทร์ 11:00 to 0:00,https://www.facebook.com/KenshinIzakaya/,False,https://www.google.com/maps/search/?api=1&query=%E0%B9%80%E0%B8%84%E0%B8%99%E0%B8%8A%E0%B8%B4%E0%B8%99%20%E0%B8%AD%E0%B8%B4%E0%B8%8B%E0%B8%B2%E0%B8%81%E0%B8%B2%E0%B8%A2%E0%B8%B0%20%E0%B8%AA%E0%B8%B2%E0%B8%82%E0%B8%B2%E0%B8%AD%E0%B9%82%E0%B8%A8%E0%B8%81&query_place_id=ChIJRbk96-Se4jAR_aE0uywzTRM
Nara Thai Cuisine EmQuartier,พร้อมพงษ์,ภัตตาคารอาหารไทย,4.6,1682,"฿400-1,600",400,1600,621 ถ. สุขุมวิท แขวงคลองตันเหนือ เขตวัฒนา กรุงเทพมหานคร 10110 ไทย,151,วันอังคาร 11:00 to 21:00 · วันพุธ 11:00 to 21:00 · วันพฤหัสบดี 11:00 to 21:00 · วันศุกร์ 11:00 to 21:00 · วันเสาร์ 11:00 to 21:00 · วันอาทิตย์ 11:00 to 21:00 · วันจันทร์ 11:00 to 21:00,http://www.naracuisine.com/,False,https://www.google.com/maps/search/?api=1&query=Nara%20Thai%20Cuisine%20EmQuartier&query_place_id=ChIJp5w5igGf4jARGrpgX2bEYZM
ปิง หูฉลาม อโศก,อโศก,ภัตตาคารอาหารจีน,4.6,1588,"฿1,000+",1000,,137/3 ซอย สุขุมวิท 21 North Klongtoey เขตวัฒนา กรุงเทพมหานคร 10110 ไทย,226,วันอังคาร 11:00 to 22:00 · วันพุธ 11:00 to 22:00 · วันพฤหัสบดี 11:00 to 22:00 · วันศุกร์ 11:00 to 22:00 · วันเสาร์ 11:00 to 22:00 · วันอาทิตย์ 11:00 to 22:00 · วันจันทร์ 11:00 to 22:00,http://pingsharksfin.com/,False,https://www.google.com/maps/search/?api=1&query=%E0%B8%9B%E0%B8%B4%E0%B8%87%20%E0%B8%AB%E0%B8%B9%E0%B8%89%E0%B8%A5%E0%B8%B2%E0%B8%A1%20%E0%B8%AD%E0%B9%82%E0%B8%A8%E0%B8%81&query_place_id=ChIJnfQQnAGf4jARkEY6N_nZR74
Lucky’s Hungry สาขา HAUS อารีย์,อารีย์,ร้านอาหารฟิวชั่น,4.7,1523,฿200-400,200,400,9 1 ซ. อารีย์ 3 แขวงพญาไท เขตพญาไท กรุงเทพมหานคร 10400 ไทย,257,"วันอังคาร 11:00 to 15:00, 17:00 to 22:00 · วันพุธ 11:00 to 15:00, 17:00 to 22:00 · วันพฤหัสบดี 11:00 to 15:00, 17:00 to 22:00 · วันศุกร์ 11:00 to 15:00, 17:00 to 22:00 · วันเสาร์ 11:00 to 22:00 · วันอาทิตย์ 11:00 to 22:00 · วันจันทร์ 11:00 to 15:00, 17:00 to 22:00",https://www.luckyshungry.com/,False,https://www.google.com/maps/search/?api=1&query=Lucky%E2%80%99s%20Hungry%20%E0%B8%AA%E0%B8%B2%E0%B8%82%E0%B8%B2%20HAUS%20%E0%B8%AD%E0%B8%B2%E0%B8%A3%E0%B8%B5%E0%B8%A2%E0%B9%8C&query_place_id=ChIJc6nvAmGd4jAREp6SCD85N_Q
Piranya@Siam (ปิรันย่า@สยาม),สยาม,ภัตตาคารอาหารไทย,4.8,1462,฿1-200,1,200,430/27 สยามสแควร์ ซอย 9 ถ. พระรามที่ 1 แขวงปทุมวัน เขตปทุมวัน กรุงเทพมหานคร 10330 ไทย,229,วันอังคาร 10:45 to 20:00 · วันพุธ 10:45 to 20:00 · วันพฤหัสบดี 10:45 to 20:00 · วันศุกร์ 10:45 to 20:00 · วันเสาร์ 10:45 to 20:00 · วันอาทิตย์ 10:45 to 19:30 · วันจันทร์ 10:45 to 20:00,https://www.facebook.com/piranyasiam,True,https://www.google.com/maps/search/?api=1&query=Piranya%40Siam%20(%E0%B8%9B%E0%B8%B4%E0%B8%A3%E0%B8%B1%E0%B8%99%E0%B8%A2%E0%B9%88%E0%B8%B2%40%E0%B8%AA%E0%B8%A2%E0%B8%B2%E0%B8%A1)&query_place_id=ChIJgX7MQtKe4jARWUtEd9dE3zs
อีท แอม อา อาคาร 253 อโศก,อโศก,ร้านสเต็ก,4.5,1441,฿200-400,200,400,253 ชั้น G ซอย อโศก แขวงคลองเตยเหนือ เขตวัฒนา กรุงเทพมหานคร 10110 ไทย,988,วันอังคาร 9:00 to 22:00 · วันพุธ 9:00 to 22:00 · วันพฤหัสบดี 9:00 to 22:00 · วันศุกร์ 9:00 to 23:00 · วันเสาร์ 9:00 to 23:00 · วันอาทิตย์ 9:00 to 23:00 · วันจันทร์ 9:00 to 22:00,,False,https://www.google.com/maps/search/?api=1&query=%E0%B8%AD%E0%B8%B5%E0%B8%97%20%E0%B9%81%E0%B8%AD%E0%B8%A1%20%E0%B8%AD%E0%B8%B2%20%E0%B8%AD%E0%B8%B2%E0%B8%84%E0%B8%B2%E0%B8%A3%20253%20%E0%B8%AD%E0%B9%82%E0%B8%A8%E0%B8%81&query_place_id=ChIJtz6LEiOf4jARORWzcrLDLBc
BORNGA Siam Discovery,สยาม,ร้านอาหาร,4.8,1301,"฿400-1,200",400,1200,เลขที่ 989 อาคาร สยามดิสคัฟเวอรี่ ชั้นที่ 3 ห้องเลขที่ 310 แขวงปทุมวัน เขตปทุมวัน กรุงเทพมหานคร 10330 ไทย,301,วันอังคาร 10:00 to 22:00 · วันพุธ 10:00 to 22:00 · วันพฤหัสบดี 10:00 to 22:00 · วันศุกร์ 10:00 to 22:00 · วันเสาร์ 10:00 to 22:00 · วันอาทิตย์ 10:00 to 22:00 · วันจันทร์ 10:00 to 22:00,https://www.facebook.com/BorngaTH/,False,https://www.google.com/maps/search/?api=1&query=BORNGA%20Siam%20Discovery&query_place_id=ChIJc2-2cwCf4jARvP7wchxNwT8
키아니 한식당 통로 본점 Kiani Korean Restaurant Thonglor ร้านอาหารเกาหลี 韩国餐厅 Thonglor,ทองหล่อ,ภัตตาคารอาหารเกาหลี,4.8,1263,฿200-400,200,400,90 Fifty fifth Thonglor Building ถ. ทองหล่อ แขวงคลองตันเหนือ เขตวัฒนา กรุงเทพมหานคร 10110 ไทย,1290,วันอังคาร 11:00 to 21:30 · วันพุธ 11:00 to 21:30 · วันพฤหัสบดี 11:00 to 21:30 · วันศุกร์ 11:00 to 21:30 · วันเสาร์ 11:00 to 21:30 · วันอาทิตย์ 11:00 to 20:00 · วันจันทร์ 11:00 to 21:30,http://www.facebook.com/kianikorea,True,https://www.google.com/maps/search/?api=1&query=%ED%82%A4%EC%95%84%EB%8B%88%20%ED%95%9C%EC%8B%9D%EB%8B%B9%20%ED%86%B5%EB%A1%9C%20%EB%B3%B8%EC%A0%90%20Kiani%20Korean%20Restaurant%20Thonglor%20%E0%B8%A3%E0%B9%89%E0%B8%B2%E0%B8%99%E0%B8%AD%E0%B8%B2%E0%B8%AB%E0%B8%B2%E0%B8%A3%E0%B9%80%E0%B8%81%E0%B8%B2%E0%B8%AB%E0%B8%A5%E0%B8%B5%20%E9%9F%A9%E5%9B%BD%E9%A4%90%E5%8E%85%20Thonglor&query_place_id=ChIJx6JXUqmf4jAR6tmg4xV65_A
North Restaurant,พร้อมพงษ์,ร้านอาหาร,4.7,1259,"฿2,000+",2000,,8 ซ. สุขุมวิท 33 แขวงคลองตันเหนือ เขตวัฒนา กรุงเทพมหานคร 10110 ไทย,410,"วันอังคาร 11:30 to 14:30, 18:00 to 22:00 · วันพุธ 11:30 to 14:30, 18:00 to 22:00 · วันพฤหัสบดี 11:30 to 14:30, 18:00 to 22:00 · วันศุกร์ 11:30 to 14:30, 18:00 to 22:00 · วันเสาร์ 11:30 to 14:30, 18:00 to 22:00 · วันอาทิตย์ 11:30 to 14:30, 18:00 to 22:00 · วันจันทร์ 11:30 to 14:30, 18:00 to 22:00",http://www.north-restaurant.com/,False,https://www.google.com/maps/search/?api=1&query=North%20Restaurant&query_place_id=ChIJcRgyCeyf4jARKQO8CpoIlJ8
Kenny's BKK - Ari,อารีย์,ร้านอาหาร,4.7,1240,฿400-600,400,600,"12, 5 ถ. พหลโยธิน Phayathai, เขตพญาไท กรุงเทพมหานคร 10400 ไทย",317,วันอังคาร 10:00 to 1:00 · วันพุธ 10:00 to 1:00 · วันพฤหัสบดี 10:00 to 1:00 · วันศุกร์ 10:00 to 1:00 · วันเสาร์ 10:00 to 1:00 · วันอาทิตย์ 10:00 to 1:00 · วันจันทร์ 10:00 to 1:00,http://kennysbkk.com/,False,https://www.google.com/maps/search/?api=1&query=Kenny's%20BKK%20-%20Ari&query_place_id=ChIJNaJEbf-d4jARFkiVhqDL0zY
Hachicken Ramen (Terminal21 Asok),อโศก,ร้านอาหารราเมน,4.7,1202,฿1-200,1,200,"Unit 4022A, 4th floor, 88 ซอย สุขุมวิท 19 แขวงคลองเตยเหนือ เขตวัฒนา กรุงเทพมหานคร 10110 ไทย",116,วันอังคาร 10:00 to 22:00 · วันพุธ 10:00 to 22:00 · วันพฤหัสบดี 10:00 to 22:00 · วันศุกร์ 10:00 to 22:00 · วันเสาร์ 10:00 to 22:00 · วันอาทิตย์ 10:00 to 22:00 · วันจันทร์ 10:00 to 22:00,https://www.facebook.com/hachickenramenthai,True,https://www.google.com/maps/search/?api=1&query=Hachicken%20Ramen%20(Terminal21%20Asok)&query_place_id=ChIJZVy5gm6f4jARZNIAsJKyW30
Opera Italian Restaurant,พร้อมพงษ์,ร้านอาหาร,4.4,1166,"฿2,000+",2000,,1-2 ซ. สุขุมวิท 39 แขวงคลองตันเหนือ เขตวัฒนา กรุงเทพมหานคร 10110 ไทย,731,วันอังคาร 17:00 to 23:30 · วันพุธ 17:00 to 23:30 · วันพฤหัสบดี 17:00 to 23:30 · วันศุกร์ 17:00 to 23:30 · วันเสาร์ 12:00 to 22:30 · วันอาทิตย์ 12:00 to 22:30 · วันจันทร์ 17:00 to 23:30,http://operaitalianbangkok.com/,False,https://www.google.com/maps/search/?api=1&query=Opera%20Italian%20Restaurant&query_place_id=ChIJT9JMkPef4jARFU8TOnApCFQ
อรรถรส,พร้อมพงษ์,ภัตตาคารอาหารไทย,4.4,1158,"฿400-1,200",400,1200,59/3 ซ. สุขุมวิท 39 แขวงคลองตันเหนือ เขตวัฒนา กรุงเทพมหานคร 10110 ไทย,812,วันอังคาร 11:00 to 22:00 · วันพุธ 11:00 to 22:00 · วันพฤหัสบดี 11:00 to 22:00 · วันศุกร์ 11:00 to 22:00 · วันเสาร์ 11:00 to 22:00 · วันอาทิตย์ 11:00 to 22:00 · วันจันทร์ 11:00 to 22:00,https://www.facebook.com/attarote.thaicuisine,False,https://www.google.com/maps/search/?api=1&query=%E0%B8%AD%E0%B8%A3%E0%B8%A3%E0%B8%96%E0%B8%A3%E0%B8%AA&query_place_id=ChIJ6b0f3_6e4jAR2YzyQaSGBqA
Klom Klorm,สยาม,ภัตตาคารอาหารไทย,4.6,1139,$$,,,"181 Wyckoff Ave, Brooklyn, NY 11237",13933648,วันอังคาร 11:30 to 22:00 · วันพุธ 11:30 to 22:00 · วันพฤหัสบดี 11:30 to 22:00 · วันศุกร์ 11:30 to 22:00 · วันเสาร์ 11:30 to 22:00 · วันอาทิตย์ 11:30 to 22:00 · วันจันทร์ 11:30 to 22:00,https://www.klomklormnyc.com/,False,https://www.google.com/maps/search/?api=1&query=Klom%20Klorm&query_place_id=ChIJkxXiQW1dwokRdhEubx2uxpQ
โรซาโน อิตาเลียน คูซีน,อโศก,ร้านอาหารอิตาเลียน,4.5,1137,"฿1,000+",1000,,"167 Sukhumvit Soi 21, ถนน อโศกมนตรี แขวงคลองเตยเหนือ เขตวัฒนา กรุงเทพมหานคร 10110 ไทย",438,"วันอังคาร 11:30 to 14:00, 17:00 to 23:00 · วันพุธ 11:30 to 14:00, 17:00 to 23:00 · วันพฤหัสบดี 11:30 to 14:00, 17:00 to 23:00 · วันศุกร์ 11:30 to 14:00, 17:00 to 23:00 · วันเสาร์ 11:30 to 14:00, 17:00 to 23:00 · วันอาทิตย์ 11:30 to 14:00, 17:00 to 23:00 · วันจันทร์ 11:30 to 14:00, 17:00 to 23:00",http://rossanosbangkok.com/,False,https://www.google.com/maps/search/?api=1&query=%E0%B9%82%E0%B8%A3%E0%B8%8B%E0%B8%B2%E0%B9%82%E0%B8%99%20%E0%B8%AD%E0%B8%B4%E0%B8%95%E0%B8%B2%E0%B9%80%E0%B8%A5%E0%B8%B5%E0%B8%A2%E0%B8%99%20%E0%B8%84%E0%B8%B9%E0%B8%8B%E0%B8%B5%E0%B8%99&query_place_id=ChIJge5RZOOe4jARzWYZ3jGvKbA
Clay Bangkok,อารีย์,ร้านอาหาร,4.8,1085,"฿400-1,200",400,1200,31 ซอย พหลโยธิน 2 แขวงสามเสนใน เขตพญาไท กรุงเทพมหานคร 10400 ไทย,313,วันอังคาร 11:00 to 22:00 · วันพุธ 11:00 to 22:00 · วันพฤหัสบดี 11:00 to 22:00 · วันศุกร์ 11:00 to 22:00 · วันเสาร์ 11:00 to 22:00 · วันอาทิตย์ 11:00 to 22:00 · วันจันทร์ 11:00 to 22:00,https://www.facebook.com/claybkk/,False,https://www.google.com/maps/search/?api=1&query=Clay%20Bangkok&query_place_id=ChIJa9_br1Wf4jAR0DuDTa7yUzo
Royal Kitchen,พร้อมพงษ์,ภัตตาคารอาหารจีน,4.8,1062,,,,27 โรงแรมนิกโก้ ชั้น 3 ถ. ทองหล่อ แขวงคลองตันเหนือ เขตวัฒนา กรุงเทพมหานคร 10110 ไทย,1149,"วันอังคาร 11:00 to 14:30, 17:00 to 22:00 · วันพุธ 11:00 to 14:30, 17:00 to 22:00 · วันพฤหัสบดี 11:00 to 14:30, 17:00 to 22:00 · วันศุกร์ 11:00 to 14:30, 17:00 to 22:00 · วันเสาร์ 11:00 to 14:30, 17:00 to 22:00 · วันอาทิตย์ 11:00 to 14:30, 17:00 to 22:00 · วันจันทร์ 11:00 to 14:30, 17:00 to 22:00",https://royalkitchengroup.com/,False,https://www.google.com/maps/search/?api=1&query=Royal%20Kitchen&query_place_id=ChIJ9W5fd-Se4jARHKgJLKe3x3c
คัตสึยะ ชั้น 4,สยาม,ภัตตาคารอาหารทงคัทสึ,4.9,1059,฿200-400,200,400,ไทย กรุงเทพมหานคร ถ. พระรามที่ 1 Unit #MS 1042,87,วันอังคาร 10:00 to 22:00 · วันพุธ 10:00 to 22:00 · วันพฤหัสบดี 10:00 to 22:00 · วันศุกร์ 10:00 to 22:00 · วันเสาร์ 10:00 to 22:00 · วันอาทิตย์ 10:00 to 22:00 · วันจันทร์ 10:00 to 22:00,https://www.facebook.com/KatsuyaThailand,False,https://www.google.com/maps/search/?api=1&query=%E0%B8%84%E0%B8%B1%E0%B8%95%E0%B8%AA%E0%B8%B6%E0%B8%A2%E0%B8%B0%20%E0%B8%8A%E0%B8%B1%E0%B9%89%E0%B8%99%204&query_place_id=ChIJ2UNxXSKf4jARtP2IftNYDrU
Victoria by Cocotte @ Emquartier,พร้อมพงษ์,ร้านอาหาร,4.6,1031,"฿1,000+",1000,,"ห้องเลขที่ 8 ชั้น GF, The Waterfall Quatier 637 ถ. สุขุมวิท แขวงคลองตันเหนือ เขตวัฒนา กรุงเทพมหานคร 10110 ไทย",95,วันอังคาร 8:00 to 22:00 · วันพุธ 8:00 to 22:00 · วันพฤหัสบดี 8:00 to 22:00 · วันศุกร์ 8:00 to 22:00 · วันเสาร์ 8:00 to 22:00 · วันอาทิตย์ 8:00 to 22:00 · วันจันทร์ 8:00 to 22:00,https://www.victoria-bangkok.com/,False,https://www.google.com/maps/search/?api=1&query=Victoria%20by%20Cocotte%20%40%20Emquartier&query_place_id=ChIJAVSRYU2f4jARWx7kH5rhiWc
Fishmonger Ari,อารีย์,ร้านอาหาร,4.4,1017,฿400-600,400,600,"10, 6 ซอย อารีย์ 4 แขวงพญาไท เขตพญาไท กรุงเทพมหานคร 10400 ไทย",557,วันอังคาร 12:00 to 22:00 · วันพุธ 12:00 to 22:00 · วันพฤหัสบดี 12:00 to 22:00 · วันศุกร์ 12:00 to 23:00 · วันเสาร์ 12:00 to 23:00 · วันอาทิตย์ 12:00 to 22:00 · วันจันทร์ 12:00 to 22:00,https://www.facebook.com/profile.php?id=100077382399717,False,https://www.google.com/maps/search/?api=1&query=Fishmonger%20Ari&query_place_id=ChIJi9oe0BSd4jARrjC1zDGgfb4
Yankii Robatayaki & Bar,พร้อมพงษ์,ภัตตาคารอาหารญี่ปุ่น,4.8,968,"฿2,000+",2000,,12 ซ.สุขุมวิท 24 แขวงคลองตัน เขตคลองเตย กรุงเทพมหานคร 10110 ไทย,157,วันอังคาร 18:00 to 1:00 · วันพุธ 18:00 to 1:00 · วันพฤหัสบดี 18:00 to 1:00 · วันศุกร์ 18:00 to 1:00 · วันเสาร์ 18:00 to 1:00 · วันอาทิตย์ 18:00 to 1:00 · วันจันทร์ 18:00 to 1:00,http://www.yankiirestaurant.com/,False,https://www.google.com/maps/search/?api=1&query=Yankii%20Robatayaki%20%26%20Bar&query_place_id=ChIJRx_TR-Wf4jARAP__FTYaQz4
Beast & Butter : Burgers & Beers (Thong Lo),ทองหล่อ,ร้านแฮมเบอร์เกอร์,4.6,946,฿400-600,400,600,270 ถ. ทองหล่อ แขวงคลองตันเหนือ เขตวัฒนา กรุงเทพมหานคร 10110 ไทย,686,"วันอังคาร 10:30 to 14:00, 16:30 to 22:30 · วันพุธ 10:30 to 14:00, 16:30 to 22:30 · วันพฤหัสบดี 10:30 to 14:00, 16:30 to 22:30 · วันศุกร์ 10:30 to 14:00, 16:30 to 22:30 · วันเสาร์ 10:30 to 22:30 · วันอาทิตย์ 10:30 to 22:30 · วันจันทร์ 10:30 to 14:00, 16:30 to 22:30",http://www.facebook.com/beastandbutter,False,https://www.google.com/maps/search/?api=1&query=Beast%20%26%20Butter%20%3A%20Burgers%20%26%20Beers%20(Thong%20Lo)&query_place_id=ChIJFftycf2f4jARwnxIgkl4Kn4
Metro Square SiamParagon,สยาม,ภัตตาคารอาหารไทย,4.7,891,฿200-600,200,600,991 ถ. พระรามที่ 1 แขวงปทุมวัน เขตปทุมวัน กรุงเทพมหานคร 10330 ไทย,69,วันอังคาร 10:00 to 22:00 · วันพุธ 10:00 to 22:00 · วันพฤหัสบดี 10:00 to 22:00 · วันศุกร์ 10:00 to 22:00 · วันเสาร์ 10:00 to 22:00 · วันอาทิตย์ 10:00 to 22:00 · วันจันทร์ 10:00 to 22:00,,False,https://www.google.com/maps/search/?api=1&query=Metro%20Square%20SiamParagon&query_place_id=ChIJYQPi8O-f4jAR6FrlIol3hGw
ไพร์ม เบอร์เกอร์ ทองหล่อ,ทองหล่อ,ร้านแฮมเบอร์เกอร์,4.7,868,฿200-400,200,400,411 1 ถ. ทองหล่อ แขวงคลองตันเหนือ เขตวัฒนา กรุงเทพมหานคร 10110 ไทย,398,วันอังคาร 10:00 to 3:00 · วันพุธ 10:00 to 3:00 · วันพฤหัสบดี 10:00 to 3:00 · วันศุกร์ 10:00 to 3:00 · วันเสาร์ 10:00 to 3:00 · วันอาทิตย์ 10:00 to 3:00 · วันจันทร์ 10:00 to 3:00,https://www.primeburger.co.th/,False,https://www.google.com/maps/search/?api=1&query=%E0%B9%84%E0%B8%9E%E0%B8%A3%E0%B9%8C%E0%B8%A1%20%E0%B9%80%E0%B8%9A%E0%B8%AD%E0%B8%A3%E0%B9%8C%E0%B9%80%E0%B8%81%E0%B8%AD%E0%B8%A3%E0%B9%8C%20%E0%B8%97%E0%B8%AD%E0%B8%87%E0%B8%AB%E0%B8%A5%E0%B9%88%E0%B8%AD&query_place_id=ChIJJxu7kfCf4jARwV8FYEK8yIk
อิ่มใจ ไทยฟู้ดส์,พร้อมพงษ์,ภัตตาคารอาหารไทย,4.4,862,฿1-200,1,200,"593/5 Sukhumvit Rd., soi33-33/1 Klongton-nua เขตวัฒนา กรุงเทพมหานคร 10110 ไทย",249,วันอังคาร 10:00 to 22:45 · วันพุธ 10:00 to 22:45 · วันพฤหัสบดี 10:00 to 22:45 · วันศุกร์ 10:00 to 22:45 · วันเสาร์ 10:00 to 22:45 · วันอาทิตย์ 10:00 to 22:45 · วันจันทร์ 10:00 to 22:45,https://www.facebook.com/p/%E3%82%A4%E3%83%A0%E3%82%B8%E3%83%A3%E3%82%A4-Imjai-Thaifood-33-100057279016834/,False,https://www.google.com/maps/search/?api=1&query=%E0%B8%AD%E0%B8%B4%E0%B9%88%E0%B8%A1%E0%B9%83%E0%B8%88%20%E0%B9%84%E0%B8%97%E0%B8%A2%E0%B8%9F%E0%B8%B9%E0%B9%89%E0%B8%94%E0%B8%AA%E0%B9%8C&query_place_id=ChIJNRkNDPaf4jARVlxD3thM9Qg
Yellow Lane,อารีย์,ร้านอาหาร,4.5,856,฿200-600,200,600,"2, 92 ซ. พหลโยธิน 5 แขวงพญาไท เขตพญาไท กรุงเทพมหานคร 10400 ไทย",682,วันอังคาร 7:30 to 22:00 · วันพุธ 7:30 to 22:00 · วันพฤหัสบดี 7:30 to 22:00 · วันศุกร์ 7:30 to 22:00 · วันเสาร์ 7:30 to 22:00 · วันอาทิตย์ 7:30 to 22:00 · วันจันทร์ 7:30 to 22:00,https://www.facebook.com/yellowlaneari,True,https://www.google.com/maps/search/?api=1&query=Yellow%20Lane&query_place_id=ChIJB82DFaaf4jARGv7WC1LFFkw
"Lucca Thonglor – Mediterranean Restaurant, Rooftop & All-Day Brunch",ทองหล่อ,ร้านอาหาร,4.9,825,฿200-600,200,600,"Thonglor, 125/26 ถ. ทองหล่อ แขวงคลองตันเหนือ เขตวัฒนา กรุงเทพมหานคร 10110 ไทย",817,วันอังคาร 7:00 to 23:00 · วันพุธ 7:00 to 23:00 · วันพฤหัสบดี 7:00 to 23:00 · วันศุกร์ 7:00 to 23:00 · วันเสาร์ 7:00 to 23:00 · วันอาทิตย์ 7:00 to 23:00 · วันจันทร์ 7:00 to 23:00,https://lucca.co.th/visit,False,https://www.google.com/maps/search/?api=1&query=Lucca%20Thonglor%20%E2%80%93%20Mediterranean%20Restaurant%2C%20Rooftop%20%26%20All-Day%20Brunch&query_place_id=ChIJbx8TnXKf4jARvOgGrfi8gCQ
EASY! buddy Siam Center,สยาม,ร้านอาหาร,4.7,824,฿200-400,200,400,"Siam Centre, 2nd Floor, 979 ถ. พระรามที่ 1 เขตปทุมวัน กรุงเทพมหานคร 10330 ไทย",129,วันอังคาร 10:00 to 21:15 · วันพุธ 10:00 to 21:15 · วันพฤหัสบดี 10:00 to 21:15 · วันศุกร์ 10:00 to 21:15 · วันเสาร์ 10:00 to 21:15 · วันอาทิตย์ 10:00 to 21:15 · วันจันทร์ 10:00 to 21:15,https://www.instagram.com/easybuddybkk/,False,https://www.google.com/maps/search/?api=1&query=EASY!%20buddy%20Siam%20Center&query_place_id=ChIJ32UB3HKf4jARiuAr1TeJxf8
Cantina Italian Kitchen (Ari),อารีย์,ร้านอาหารอิตาเลียน,4.6,796,"฿600-1,400",600,1400,142 พระรามที่ 6 ซอย 30 แขวงสามเสนใน เขตพญาไท กรุงเทพมหานคร 10400 ไทย,607,วันอังคาร 17:00 to 23:00 · วันพุธ 17:00 to 23:00 · วันพฤหัสบดี 17:00 to 23:00 · วันศุกร์ 17:00 to 23:00 · วันเสาร์ 17:00 to 23:00 · วันอาทิตย์ 17:00 to 23:00 · วันจันทร์ 17:00 to 23:00,http://www.cantinabkk.com/,False,https://www.google.com/maps/search/?api=1&query=Cantina%20Italian%20Kitchen%20(Ari)&query_place_id=ChIJB7NJSKie4jARfoG2zttdIxU
ซูรุอุด้ง ทองหล่อ,พร้อมพงษ์,ร้านอาหาร,4.5,793,฿200-400,200,400,64 ถ. ทองหล่อ แขวงคลองตันเหนือ เขตวัฒนา กรุงเทพมหานคร 10110 ไทย,1219,วันอังคาร 11:00 to 21:00 · วันพุธ 11:00 to 21:00 · วันพฤหัสบดี 11:00 to 21:00 · วันศุกร์ 11:00 to 21:00 · วันเสาร์ 11:00 to 21:00 · วันอาทิตย์ 11:00 to 21:00 · วันจันทร์ 11:00 to 21:00,https://www.tsuruudon.com/,False,https://www.google.com/maps/search/?api=1&query=%E0%B8%8B%E0%B8%B9%E0%B8%A3%E0%B8%B8%E0%B8%AD%E0%B8%B8%E0%B8%94%E0%B9%89%E0%B8%87%20%E0%B8%97%E0%B8%AD%E0%B8%87%E0%B8%AB%E0%B8%A5%E0%B9%88%E0%B8%AD&query_place_id=ChIJMVFBNMaf4jAR06nE3QNo-V0
Akira Back,พร้อมพงษ์,ภัตตาคารอาหารญี่ปุ่น,4.7,730,"฿2,000+",2000,,"Bangkok Marriott Marquis Queen’s Park, 199 ซ. สุขุมวิท 22 Klong Ton, เขตคลองเตย กรุงเทพมหานคร 10110 ไทย",456,"วันอังคาร 17:30 to 23:00 · วันพุธ 17:30 to 23:00 · วันพฤหัสบดี 12:00 to 14:30, 17:30 to 23:00 · วันศุกร์ 12:00 to 14:30, 17:30 to 23:00 · วันเสาร์ 12:00 to 14:30, 17:30 to 23:00 · วันอาทิตย์ 12:00 to 14:30, 17:30 to 23:00 · วันจันทร์ 17:30 to 23:00",https://www.akirabackbangkok.com/,False,https://www.google.com/maps/search/?api=1&query=Akira%20Back&query_place_id=ChIJdZ8wAwOf4jARWGdeSBVyS-M
Barney's Burger Joint Ari,อารีย์,ร้านแฮมเบอร์เกอร์,4.8,717,฿200-400,200,400,404 ซ. พหลโยธิน แขวงสามเสนใน เขตพญาไท กรุงเทพมหานคร 10400 ไทย,400,วันอังคาร 11:30 to 20:00 · วันพุธ 11:30 to 20:00 · วันพฤหัสบดี 11:30 to 20:00 · วันศุกร์ 11:30 to 20:00 · วันเสาร์ 11:30 to 20:00 · วันอาทิตย์ 11:30 to 20:00 · วันจันทร์ 11:30 to 20:00,https://www.facebook.com/barneysburger2015/,True,https://www.google.com/maps/search/?api=1&query=Barney's%20Burger%20Joint%20Ari&query_place_id=ChIJD7Gs1B2c4jART2PuI5seFus
Fam Time Steak and Pasta @Siam Square,สยาม,ร้านอาหาร,4.5,702,฿200-400,200,400,424 สยามสแควร์ ซอย 7 แขวงปทุมวัน เขตปทุมวัน กรุงเทพมหานคร 10330 ไทย,285,วันอังคาร 11:00 to 22:00 · วันพุธ 11:00 to 22:00 · วันพฤหัสบดี 11:00 to 22:00 · วันศุกร์ 11:00 to 22:00 · วันเสาร์ 11:00 to 22:00 · วันอาทิตย์ 11:00 to 22:00 · วันจันทร์ 11:00 to 22:00,https://www.famtimebkk.com/,True,https://www.google.com/maps/search/?api=1&query=Fam%20Time%20Steak%20and%20Pasta%20%40Siam%20Square&query_place_id=ChIJoXesC5Cf4jARPC0LhqxiHYk
Eggtisan by commonroom x ari,อารีย์,ภัตตาคารอาหารเช้า,4.6,688,฿200-400,200,400,"room 106, 33 Rajchakru Ave, ซ. พหลโยธิน 5 แขวงพญาไท เขตพญาไท กรุงเทพมหานคร 10400 ไทย",311,วันอังคาร 7:00 to 16:00 · วันพุธ 7:00 to 16:00 · วันพฤหัสบดี 7:00 to 16:00 · วันศุกร์ 7:00 to 16:00 · วันเสาร์ 7:00 to 16:00 · วันอาทิตย์ 7:00 to 16:00 · วันจันทร์ 7:00 to 16:00,https://eggtisan.com/,False,https://www.google.com/maps/search/?api=1&query=Eggtisan%20by%20commonroom%20x%20ari&query_place_id=ChIJ_____xuc4jAR9BcrMbnpRag
Thai Thai Boat Noodles Terminal 21 Asok,อโศก,ร้านก๋วยเตี๋ยว,4.5,628,฿200-400,200,400,"เทอร์มินอล, ห้องเลขที่ SH4017 ชั้น 4 เลขที่ 88, 21 ซอย สุขุมวิท 19 แขวงคลองเตยเหนือ เขตวัฒนา กรุงเทพมหานคร 10110 ไทย",114,วันอังคาร 11:00 to 21:30 · วันพุธ 11:00 to 21:30 · วันพฤหัสบดี 11:00 to 21:30 · วันศุกร์ 11:00 to 21:30 · วันเสาร์ 11:00 to 21:30 · วันอาทิตย์ 11:00 to 21:30 · วันจันทร์ 11:00 to 21:30,https://www.yuzugroup2018.com/,True,https://www.google.com/maps/search/?api=1&query=Thai%20Thai%20Boat%20Noodles%20Terminal%2021%20Asok&query_place_id=ChIJ4zwpQ2af4jAReRREq3JTfCY
Paper Butter and the Burger,อารีย์,ร้านแฮมเบอร์เกอร์,4.6,601,฿200-400,200,400,51 ซ. พหลโยธิน 5 แขวงพญาไท เขตพญาไท กรุงเทพมหานคร 10400 ไทย,460,"วันอังคาร 11:00 to 14:00, 17:00 to 22:00 · วันพุธ 11:00 to 14:00, 17:00 to 22:00 · วันพฤหัสบดี 11:00 to 14:00, 17:00 to 22:00 · วันศุกร์ 11:00 to 14:00, 17:00 to 22:00 · วันเสาร์ 11:00 to 22:00 · วันอาทิตย์ ปิดทำการ · วันจันทร์ 11:00 to 14:00, 17:00 to 22:00",http://www.facebook.com/Paperbutter,False,https://www.google.com/maps/search/?api=1&query=Paper%20Butter%20and%20the%20Burger&query_place_id=ChIJ8YZ0PKae4jARN_x09rY742I
Breakfast Story Thonglor,ทองหล่อ,ร้านอาหาร,4.7,586,฿200-400,200,400,154 ถ. ทองหล่อ แขวงคลองตันเหนือ เขตวัฒนา กรุงเทพมหานคร 10110 ไทย,921,วันอังคาร 7:00 to 23:00 · วันพุธ 7:00 to 23:00 · วันพฤหัสบดี 7:00 to 23:00 · วันศุกร์ 7:00 to 23:00 · วันเสาร์ 7:00 to 23:00 · วันอาทิตย์ 7:00 to 23:00 · วันจันทร์ 7:00 to 23:00,https://www.breakfaststorybkk.com/,True,https://www.google.com/maps/search/?api=1&query=Breakfast%20Story%20Thonglor&query_place_id=ChIJa5vc1pSf4jARnkGCYRYBpE8
You&I Premium Suki Buffet Marché Thonglor 2nd Floor,ทองหล่อ,ภัตตาคารอาหารบุฟเฟต์,4.8,583,"฿400-1,000",400,1000,"150 - 150/9, แขวงคลองตันเหนือ เขตวัฒนา กรุงเทพมหานคร 10110 ไทย",1029,วันอังคาร 12:00 to 22:00 · วันพุธ 12:00 to 22:00 · วันพฤหัสบดี 12:00 to 22:00 · วันศุกร์ 12:00 to 22:00 · วันเสาร์ 12:00 to 22:00 · วันอาทิตย์ 12:00 to 22:00 · วันจันทร์ 12:00 to 22:00,https://youandisuki.foodie-delivery.com/#/home,False,https://www.google.com/maps/search/?api=1&query=You%26I%20Premium%20Suki%20Buffet%20March%C3%A9%20Thonglor%202nd%20Floor&query_place_id=ChIJxXLrTF2f4jARQ5rNYsm0jvc
Nimitr,พร้อมพงษ์,ภัตตาคารอาหารเอเชีย,4.9,568,"฿1,000+",1000,,59/1 ซ. สุขุมวิท 39 แขวงคลองตันเหนือ เขตวัฒนา กรุงเทพมหานคร 10110 ไทย,832,วันอังคาร 17:00 to 23:00 · วันพุธ 17:00 to 23:00 · วันพฤหัสบดี 17:00 to 23:00 · วันศุกร์ 17:00 to 23:00 · วันเสาร์ 17:00 to 23:00 · วันอาทิตย์ 17:00 to 23:00 · วันจันทร์ 17:00 to 23:00,https://137pillarshotels.com/en/bangkok/dining/nimitr,False,https://www.google.com/maps/search/?api=1&query=Nimitr&query_place_id=ChIJzXuDJP-e4jARZghe1xJufWU
มีอา แบงค็อก,พร้อมพงษ์,ภัตตาคารอาหารแบบหรูหรา,4.8,539,"฿2,000+",2000,,30 ซอย อรรถกวี 1 แขวงคลองตัน เขตคลองเตย กรุงเทพมหานคร 10110 ไทย,1032,"วันอังคาร 17:00 to 21:00 · วันพุธ ปิดทำการ · วันพฤหัสบดี ปิดทำการ · วันศุกร์ 17:00 to 21:00 · วันเสาร์ 12:00 to 14:00, 17:00 to 21:00 · วันอาทิตย์ 12:00 to 14:00, 17:00 to 21:00 · วันจันทร์ 17:00 to 21:00",https://www.miarestaurantbkk.com/,False,https://www.google.com/maps/search/?api=1&query=%E0%B8%A1%E0%B8%B5%E0%B8%AD%E0%B8%B2%20%E0%B9%81%E0%B8%9A%E0%B8%87%E0%B8%84%E0%B9%87%E0%B8%AD%E0%B8%81&query_place_id=ChIJTbzH3iWf4jARdfwR4GLGTZ8
Philippe,พร้อมพงษ์,ภัตตาคารอาหารฝรั่งเศส,4.5,507,"฿2,000+",2000,,"20, 15-17 ซ. สุขุมวิท 39 แขวงคลองตันเหนือ เขตวัฒนา กรุงเทพมหานคร 10110 ไทย",278,"วันอังคาร 11:00 to 14:30, 18:00 to 22:30 · วันพุธ 11:00 to 14:30, 18:00 to 23:30 · วันพฤหัสบดี 11:00 to 14:30, 18:00 to 22:30 · วันศุกร์ 11:00 to 14:30, 18:00 to 22:30 · วันเสาร์ 11:00 to 14:30, 18:00 to 22:30 · วันอาทิตย์ 11:00 to 14:30, 18:00 to 22:30 · วันจันทร์ ปิดทำการ",http://www.philipperestaurant.com/,False,https://www.google.com/maps/search/?api=1&query=Philippe&query_place_id=ChIJq80duOSe4jARnUemw9rNqYQ
MAGURO @Marché Thonglor | Japanese Dining and Bar,ทองหล่อ,ภัตตาคารอาหารญี่ปุ่น,4.6,497,"฿1,000+",1000,,"Floor 2, Zone A, 144/4 ถ. ทองหล่อ แขวงคลองตันเหนือ เขตวัฒนา กรุงเทพมหานคร 10110 ไทย",996,วันอังคาร 10:00 to 22:00 · วันพุธ 10:00 to 22:00 · วันพฤหัสบดี 10:00 to 22:00 · วันศุกร์ 10:00 to 22:00 · วันเสาร์ 10:00 to 22:00 · วันอาทิตย์ 10:00 to 22:00 · วันจันทร์ 10:00 to 22:00,https://www.maguro.co.th/,False,https://www.google.com/maps/search/?api=1&query=MAGURO%20%40March%C3%A9%20Thonglor%20%7C%20Japanese%20Dining%20and%20Bar&query_place_id=ChIJbVBkkCqf4jARaS_Q0DpBRDs
Suha Bites Sushiburrito & Hawaiian BBQ,สยาม,ภัตตาคารอาหารฮาวาย,4.5,480,$$,,,"1780 N Buffalo Dr #106, Las Vegas, NV 89128",13310806,วันอังคาร 11:00 to 22:00 · วันพุธ 11:00 to 22:00 · วันพฤหัสบดี 11:00 to 22:00 · วันศุกร์ 11:00 to 22:00 · วันเสาร์ 11:00 to 22:00 · วันอาทิตย์ 11:00 to 22:00 · วันจันทร์ 11:00 to 22:00,https://www.suhabitesnv.com/,False,https://www.google.com/maps/search/?api=1&query=Suha%20Bites%20Sushiburrito%20%26%20Hawaiian%20BBQ&query_place_id=ChIJIzRdjT3AyIARZGcW8eVrwsE
โอแกนิค คอนเซ็ปต์ O’ganic Concept ARI,อารีย์,ร้านอาหาร,4.9,475,฿200-400,200,400,68/1 ซ. อารีย์สัมพันธ์ 1 แขวงพญาไท เขตพญาไท กรุงเทพมหานคร 10400 ไทย,619,วันอังคาร 8:00 to 20:00 · วันพุธ 8:00 to 20:00 · วันพฤหัสบดี 8:00 to 20:00 · วันศุกร์ 8:00 to 20:00 · วันเสาร์ 8:00 to 20:00 · วันอาทิตย์ 8:00 to 20:00 · วันจันทร์ 8:00 to 20:00,http://absolute-health.org/about-us/ah-group/health-kitchen,False,https://www.google.com/maps/search/?api=1&query=%E0%B9%82%E0%B8%AD%E0%B9%81%E0%B8%81%E0%B8%99%E0%B8%B4%E0%B8%84%20%E0%B8%84%E0%B8%AD%E0%B8%99%E0%B9%80%E0%B8%8B%E0%B9%87%E0%B8%9B%E0%B8%95%E0%B9%8C%20O%E2%80%99ganic%20Concept%20ARI&query_place_id=ChIJ21RHAG2f4jARLB-pTpXMXh8
Jarunee,พร้อมพงษ์,ภัตตาคารอาหารไทย,4.3,457,฿1-200,1,200,650 ถ. สุขุมวิท แขวงคลองตัน เขตคลองเตย กรุงเทพมหานคร 10110 ไทย,33,วันอังคาร 7:00 to 1:30 · วันพุธ 7:00 to 1:30 · วันพฤหัสบดี 7:00 to 1:30 · วันศุกร์ 7:00 to 1:30 · วันเสาร์ 7:00 to 1:30 · วันอาทิตย์ 7:00 to 1:30 · วันจันทร์ 7:00 to 1:30,,False,https://www.google.com/maps/search/?api=1&query=Jarunee&query_place_id=ChIJFw33Cuif4jARwa8jZPxwzsE
Gourmet Bar,สยาม,ร้านอาหาร,4.8,418,"฿1-1,000",1,1000,"Fl 1, Novotel Bangkok on Siam Square, 392/44 สยามสแควร์ ซอย 6 แขวงปทุมวัน เขตปทุมวัน กรุงเทพมหานคร 10330 ไทย",180,วันอังคาร 7:00 to 23:00 · วันพุธ 7:00 to 23:00 · วันพฤหัสบดี 7:00 to 23:00 · วันศุกร์ 7:00 to 23:00 · วันเสาร์ 7:00 to 23:00 · วันอาทิตย์ 7:00 to 23:00 · วันจันทร์ 7:00 to 23:00,https://www.novotelbkk.com/bars-restaurants/gourmetbar/?utm_source=google+Maps&utm_medium=seo+maps&utm_campaign=seo+maps,False,https://www.google.com/maps/search/?api=1&query=Gourmet%20Bar&query_place_id=ChIJxWkSAtKe4jARzXhzk2VYrZ4
D'ARK The Strand - Comfort Food & Specialty Coffee,พร้อมพงษ์,ร้านอาหาร,4.4,412,"฿400-1,200",400,1200,36 190 ถ. ทองหล่อ แขวง คลองเตยเหนือ เขตวัฒนา กรุงเทพมหานคร 10110 ไทย,1285,วันอังคาร 7:00 to 22:00 · วันพุธ 7:00 to 22:00 · วันพฤหัสบดี 7:00 to 22:00 · วันศุกร์ 7:00 to 23:00 · วันเสาร์ 7:00 to 23:00 · วันอาทิตย์ 7:00 to 22:00 · วันจันทร์ 7:00 to 22:00,https://www.darkoffee.com/,False,https://www.google.com/maps/search/?api=1&query=D'ARK%20The%20Strand%20-%20Comfort%20Food%20%26%20Specialty%20Coffee&query_place_id=ChIJE9TQHq6f4jARNDXnbExNvQM
Kinroll - Ari | กินโรล - อารีย์,อารีย์,ร้านอาหาร,4.8,397,"฿1,000+",1000,,"Ari, ซอย อารีย์ 4 ฝั่งเหนือ PhayaThai, เขตพญาไท กรุงเทพมหานคร 10400 ไทย",378,วันอังคาร 11:30 to 21:00 · วันพุธ 11:30 to 21:00 · วันพฤหัสบดี 11:30 to 21:00 · วันศุกร์ 11:30 to 21:00 · วันเสาร์ 11:30 to 21:00 · วันอาทิตย์ 11:30 to 21:00 · วันจันทร์ 11:30 to 21:00,https://www.facebook.com/Kinroll.ari,False,https://www.google.com/maps/search/?api=1&query=Kinroll%20-%20Ari%20%7C%20%E0%B8%81%E0%B8%B4%E0%B8%99%E0%B9%82%E0%B8%A3%E0%B8%A5%20-%20%E0%B8%AD%E0%B8%B2%E0%B8%A3%E0%B8%B5%E0%B8%A2%E0%B9%8C&query_place_id=ChIJXV78UEKd4jARC52Rr3NnqBY
Di Vino Bangkok | Italian Restaurant Thonglor,ทองหล่อ,ร้านอาหารอิตาเลียน,4.7,383,"฿800-1,800",800,1800,"Penny’s Balcony, ถ. ทองหล่อ แขวงคลองตันเหนือ เขตวัฒนา กรุงเทพมหานคร 10110 ไทย",484,"วันอังคาร 12:00 to 14:00, 17:00 to 22:00 · วันพุธ 12:00 to 14:00, 17:00 to 23:00 · วันพฤหัสบดี 12:00 to 14:00, 17:00 to 23:00 · วันศุกร์ 12:00 to 14:00, 17:00 to 23:00 · วันเสาร์ 12:00 to 14:00, 17:00 to 0:00 · วันอาทิตย์ 12:00 to 14:00, 17:00 to 0:00 · วันจันทร์ 12:00 to 14:00, 17:00 to 22:00",https://www.divinobangkok.com/,True,https://www.google.com/maps/search/?api=1&query=Di%20Vino%20Bangkok%20%7C%20Italian%20Restaurant%20Thonglor&query_place_id=ChIJi7QNHVOe4jARgyB05vA6Gk4
TAAN Bangkok - Thai Fine Dining Restaurant,สยาม,ภัตตาคารอาหารไทย,4.6,342,"฿2,000+",2000,,"25th Fl, Siam@Siam Design Hotel Bangkok 865 ถ. พระรามที่ 1 แขวงวังใหม่ เขตปทุมวัน กรุงเทพมหานคร 10330 ไทย",775,วันอังคาร 18:00 to 23:00 · วันพุธ 18:00 to 23:00 · วันพฤหัสบดี 18:00 to 23:00 · วันศุกร์ 18:00 to 23:00 · วันเสาร์ 18:00 to 23:00 · วันอาทิตย์ 18:00 to 23:00 · วันจันทร์ 18:00 to 23:00,http://www.taanbangkok.com/?utm_content_GMB,False,https://www.google.com/maps/search/?api=1&query=TAAN%20Bangkok%20-%20Thai%20Fine%20Dining%20Restaurant&query_place_id=ChIJbV7JakqZ4jARz5eeuH1tuxE
PROUD THAI,สยาม,ภัตตาคารอาหารไทย,4.4,339,,,,"4620 Melrose Ave, Los Angeles, CA 90029",13295733,"วันอังคาร 11:00 to 21:00 · วันพุธ 11:00 to 21:00 · วันพฤหัสบดี 11:00 to 21:00 · วันศุกร์ 11:00 to 21:00, 21:30 to 23:00 · วันเสาร์ 11:00 to 21:00, 21:30 to 23:00 · วันอาทิตย์ 11:00 to 21:00 · วันจันทร์ 11:00 to 21:00",https://proudthaila.com/?utm_source=google,False,https://www.google.com/maps/search/?api=1&query=PROUD%20THAI&query_place_id=ChIJRcO_w6e4woARg8rhY7X6kJY
BABA (बाबा) @Marché Thonglor,ทองหล่อ,ภัตตาคารอาหารอินเดีย,4.8,337,"฿400-1,200",400,1200,"ZONE C / M FLOOR, 150 ถ. ทองหล่อ แขวงคลองตันเหนือ เขตวัฒนา กรุงเทพมหานคร 10110 ไทย",1036,วันอังคาร 11:30 to 22:00 · วันพุธ 11:30 to 22:00 · วันพฤหัสบดี 11:30 to 22:00 · วันศุกร์ 11:30 to 22:00 · วันเสาร์ 11:30 to 22:00 · วันอาทิตย์ 11:30 to 22:00 · วันจันทร์ 11:30 to 22:00,,False,https://www.google.com/maps/search/?api=1&query=BABA%20(%E0%A4%AC%E0%A4%BE%E0%A4%AC%E0%A4%BE)%20%40March%C3%A9%20Thonglor&query_place_id=ChIJifNLs1Of4jAR3H6h56ZMF-E
The Oyster bar x Escape Bangkok,พร้อมพงษ์,ภัตตาคารบาร์หอยนางรม,5,334,"฿1,000-1,200",1000,1200,"5th floor in the middle of Escape Bangkok, Emquartier 689 ถ. สุขุมวิท แขวงคลองตันเหนือ เขตวัฒนา กรุงเทพมหานคร 10110 ไทย",72,วันอังคาร 17:00 to 23:45 · วันพุธ 17:00 to 23:45 · วันพฤหัสบดี 17:00 to 23:45 · วันศุกร์ 17:00 to 23:45 · วันเสาร์ 17:00 to 23:45 · วันอาทิตย์ 17:00 to 23:45 · วันจันทร์ 17:00 to 23:45,http://www.theoysterbarx.com/,False,https://www.google.com/maps/search/?api=1&query=The%20Oyster%20bar%20x%20Escape%20Bangkok&query_place_id=ChIJfw_6Quuf4jARRQGh_eV3gRs
Ekkaluck Bangkok,พร้อมพงษ์,ร้านอาหาร,4.9,326,"฿600-1,600",600,1600,22 ซ. สุขุมวิท 53 แขวงคลองตันเหนือ เขตวัฒนา กรุงเทพมหานคร 10110 ไทย,1009,วันอังคาร 6:00 to 22:30 · วันพุธ 6:00 to 22:30 · วันพฤหัสบดี 6:00 to 22:30 · วันศุกร์ 6:00 to 22:30 · วันเสาร์ 6:00 to 22:30 · วันอาทิตย์ 6:00 to 22:30 · วันจันทร์ 6:00 to 22:30,https://www.marriott.com/en-us/hotels/bkkbh-madi-paidi-bangkok-autograph-collection/dining/?scid=feed67b0-9a2f-4de1-8df6-114544116108,False,https://www.google.com/maps/search/?api=1&query=Ekkaluck%20Bangkok&query_place_id=ChIJH9mMNFef4jARU_dE8h5Lbjc
Boonlang Thai cuisine,พร้อมพงษ์,ภัตตาคารอาหารไทย,4.6,306,฿200-400,200,400,38/1 ซ สุขุมวิท 36 แขวงคลองตัน เขตคลองเตย กรุงเทพมหานคร 10110 ไทย,1452,วันอังคาร 11:00 to 21:00 · วันพุธ 11:00 to 21:00 · วันพฤหัสบดี 11:00 to 21:00 · วันศุกร์ 11:00 to 21:00 · วันเสาร์ 11:00 to 21:00 · วันอาทิตย์ 11:00 to 21:00 · วันจันทร์ ปิดทำการ,,False,https://www.google.com/maps/search/?api=1&query=Boonlang%20Thai%20cuisine&query_place_id=ChIJ-eiNMZKf4jAROST6BJJ0q0o
ต้นโอ๊ก,สยาม,ภัตตาคารอาหารไทย,4.5,305,฿1-200,1,200,432/5 ซอย สยามสแควร์ 9 แขวงปทุมวัน เขตปทุมวัน กรุงเทพมหานคร 10330 ไทย,196,วันอังคาร 11:00 to 20:30 · วันพุธ 11:00 to 20:30 · วันพฤหัสบดี 11:00 to 20:30 · วันศุกร์ 11:00 to 20:30 · วันเสาร์ 11:00 to 20:30 · วันอาทิตย์ 11:00 to 20:30 · วันจันทร์ 11:00 to 20:30,https://linktr.ee/tonoakrestaurant,False,https://www.google.com/maps/search/?api=1&query=%E0%B8%95%E0%B9%89%E0%B8%99%E0%B9%82%E0%B8%AD%E0%B9%8A%E0%B8%81&query_place_id=ChIJmRfAQNKe4jARRomB784P5g0
57th Street,พร้อมพงษ์,ร้านอาหาร,4.4,257,"฿800-1,000",800,1000,"2 Sukhumvit Soi 57, Klongtan Nua, เขตวัฒนา กรุงเทพมหานคร 10110 ไทย",1420,วันอังคาร 6:00 to 23:00 · วันพุธ 6:00 to 23:00 · วันพฤหัสบดี 6:00 to 23:00 · วันศุกร์ 6:00 to 23:00 · วันเสาร์ 6:00 to 23:00 · วันอาทิตย์ 6:00 to 23:00 · วันจันทร์ 6:00 to 23:00,https://www.sevenrooms.com/reservations/57thstreetbkkms/goog,False,https://www.google.com/maps/search/?api=1&query=57th%20Street&query_place_id=ChIJWxnLLa-f4jARmuAtdEODDp0
Madcow burger x Under Over Ari,อารีย์,ร้านแฮมเบอร์เกอร์,4.8,244,฿200-400,200,400,"In A-ONE Ari, ซอย อารีย์ 1 แขวงพญาไท เขตพญาไท กรุงเทพมหานคร 10400 ไทย",18,วันอังคาร 8:30 to 21:30 · วันพุธ 8:30 to 21:30 · วันพฤหัสบดี 8:30 to 21:30 · วันศุกร์ 8:30 to 21:30 · วันเสาร์ 8:30 to 21:30 · วันอาทิตย์ 8:30 to 21:30 · วันจันทร์ 8:30 to 21:30,https://linktr.ee/madcow.ari,True,https://www.google.com/maps/search/?api=1&query=Madcow%20burger%20x%20Under%20Over%20Ari&query_place_id=ChIJtbK7WrOd4jARTFq03G7s99k
The Spice Market,สยาม,ภัตตาคารอาหารไทย,4.6,242,"฿1,000+",1000,,Anantara Siam Bangkok 155 ถ. ราชดำริ แขวงลุมพินี เขตปทุมวัน กรุงเทพมหานคร 10330 ไทย,883,"วันอังคาร 12:00 to 14:30, 18:00 to 22:30 · วันพุธ 12:00 to 14:30, 18:00 to 22:30 · วันพฤหัสบดี 12:00 to 14:30, 18:00 to 22:30 · วันศุกร์ 12:00 to 14:30, 18:00 to 22:30 · วันเสาร์ 12:00 to 14:30, 18:00 to 22:30 · วันอาทิตย์ 18:00 to 22:30 · วันจันทร์ 12:00 to 14:30, 18:00 to 22:30",https://www.spicemarketbangkok.com/?utm_source=GoogleMyBusiness&utm_medium=GMB&utm_term=SpiceMarketBangkok&utm_content=Home&utm_campaign=Google_GMB,False,https://www.google.com/maps/search/?api=1&query=The%20Spice%20Market&query_place_id=ChIJtSqyvNCe4jARZUS_9jBACv8
Siam Paragon Food Hall,สยาม,ศูนย์อาหาร,4.5,219,฿200-400,200,400,991 ถ. พระรามที่ 1 แขวงปทุมวัน เขตปทุมวัน กรุงเทพมหานคร 10330 ไทย,123,วันอังคาร 10:00 to 22:00 · วันพุธ 10:00 to 22:00 · วันพฤหัสบดี 10:00 to 22:00 · วันศุกร์ 10:00 to 22:00 · วันเสาร์ 10:00 to 22:00 · วันอาทิตย์ 10:00 to 22:00 · วันจันทร์ 10:00 to 22:00,,False,https://www.google.com/maps/search/?api=1&query=Siam%20Paragon%20Food%20Hall&query_place_id=ChIJj6SD4s2e4jARmNQEmV4MK_8
ผัดไทยพลีส Pad Thai Please - Terminal 21 Asok,อโศก,เลขที่ 88 ห้องเลขที่ SH4017 ชั้น 4 Terminal 21 21 ซอย สุขุมวิท 19 แขวงคลองเตยเหนือ เขตวัฒนา กรุงเทพมหานคร 10110 ไทย,4.9,207,฿200-400,200,400,เลขที่ 88 ห้องเลขที่ SH4017 ชั้น 4 Terminal 21 21 ซอย สุขุมวิท 19 แขวงคลองเตยเหนือ เขตวัฒนา กรุงเทพมหานคร 10110 ไทย,140,วันอังคาร 11:00 to 21:30 · วันพุธ 11:00 to 21:30 · วันพฤหัสบดี 11:00 to 21:30 · วันศุกร์ 11:00 to 21:30 · วันเสาร์ 11:00 to 21:30 · วันอาทิตย์ 11:00 to 21:30 · วันจันทร์ 11:00 to 21:30,,False,https://www.google.com/maps/search/?api=1&query=%E0%B8%9C%E0%B8%B1%E0%B8%94%E0%B9%84%E0%B8%97%E0%B8%A2%E0%B8%9E%E0%B8%A5%E0%B8%B5%E0%B8%AA%20Pad%20Thai%20Please%20-%20Terminal%2021%20Asok&query_place_id=ChIJH3n2ZFGf4jAR3sLvZam_TDE
TEN-SHOW Live kitchen,พร้อมพงษ์,ภัตตาคารอาหารญี่ปุ่น,4.8,199,"฿1,000+",1000,,"12Soi Sukhumvit 24, Sukhumvit Rd.,, Khlong Toei 12 ซ.สุขุมวิท 24 แขวงคลองตัน เขตคลองเตย กรุงเทพมหานคร 10110 ไทย",169,"วันอังคาร 11:30 to 14:30, 17:30 to 22:00 · วันพุธ 11:30 to 14:30, 17:30 to 22:00 · วันพฤหัสบดี 11:30 to 14:30, 17:30 to 22:00 · วันศุกร์ 11:30 to 14:30, 17:30 to 22:00 · วันเสาร์ 11:30 to 14:30, 17:30 to 22:00 · วันอาทิตย์ 11:30 to 14:30, 17:30 to 22:00 · วันจันทร์ ปิดทำการ",https://deespot.com/featured/ten-show-live-kitchen/,False,https://www.google.com/maps/search/?api=1&query=TEN-SHOW%20Live%20kitchen&query_place_id=ChIJLRVFjHWf4jARYiH1cIDj64o
พาร์มา อารีย์,อารีย์,ร้านอาหารอิตาเลียน,4.7,187,"฿800-2,000",800,2000,2 1 ซ. อารีย์สัมพันธ์ 4 แขวงพญาไท เขตพญาไท กรุงเทพมหานคร 10400 ไทย,661,"วันอังคาร 12:00 to 16:00, 17:00 to 21:00 · วันพุธ 12:00 to 16:00, 17:00 to 21:00 · วันพฤหัสบดี 12:00 to 16:00, 17:00 to 21:00 · วันศุกร์ 17:00 to 0:00 · วันเสาร์ 17:00 to 0:00 · วันอาทิตย์ 12:00 to 16:00, 17:00 to 21:00 · วันจันทร์ ปิดทำการ",https://www.facebook.com/Parma.Ari,False,https://www.google.com/maps/search/?api=1&query=%E0%B8%9E%E0%B8%B2%E0%B8%A3%E0%B9%8C%E0%B8%A1%E0%B8%B2%20%E0%B8%AD%E0%B8%B2%E0%B8%A3%E0%B8%B5%E0%B8%A2%E0%B9%8C&query_place_id=ChIJuxXFDRyf4jAROApXe-uZPCw
HISHOU - Japanese Restaurant,พร้อมพงษ์,ภัตตาคารอาหารญี่ปุ่น,4.2,187,฿600-800,600,800,"1st Floor Hotel Nikko Bangkok 27 Soi Sukhumvit 55 (Thonglor),Sukhumvit Road Klongtan Nua, เขตวัฒนา กรุงเทพมหานคร 10110 ไทย",1170,"วันอังคาร 11:30 to 14:30, 17:30 to 22:30 · วันพุธ 11:30 to 14:30, 17:30 to 22:30 · วันพฤหัสบดี 11:30 to 14:30, 17:30 to 22:30 · วันศุกร์ 11:30 to 14:30, 17:30 to 22:30 · วันเสาร์ 11:30 to 14:30, 17:30 to 22:30 · วันอาทิตย์ 11:30 to 14:30, 17:30 to 22:30 · วันจันทร์ 11:30 to 14:30, 17:30 to 22:30",http://www.nikkobangkok.com/,False,https://www.google.com/maps/search/?api=1&query=HISHOU%20-%20Japanese%20Restaurant&query_place_id=ChIJUZj6J7Cf4jARc3zBNPRV3QM
Firepork - Terminal21 Asok,อโศก,ร้านอาหาร,4.8,168,฿200-400,200,400,5th floor Terminal21 Asok 88 ซอย สุขุมวิท 19 แขวงคลองเตยเหนือ เขตทวีวัฒนา กรุงเทพมหานคร 10110 ไทย,64,วันอังคาร 10:00 to 22:00 · วันพุธ 10:00 to 22:00 · วันพฤหัสบดี 10:00 to 22:00 · วันศุกร์ 10:00 to 22:00 · วันเสาร์ 10:00 to 22:00 · วันอาทิตย์ 10:00 to 22:00 · วันจันทร์ 10:00 to 22:00,https://www.instagram.com/firepork_thailand/?hl=en,False,https://www.google.com/maps/search/?api=1&query=Firepork%20-%20Terminal21%20Asok&query_place_id=ChIJWxTOhuKf4jARcTBCzVIB5n8
แมดโมอา อโศก Mad moa asok,อโศก,ร้านอาหารตะวันตก,4.8,159,฿400-600,400,600,139 สุขุมวิท 21 ซอย 1 แขวงคลองเตยเหนือ เขตวัฒนา กรุงเทพมหานคร 10110 ไทย,233,"วันอังคาร 11:00 to 14:00, 17:00 to 22:00 · วันพุธ 11:00 to 14:00, 17:00 to 22:00 · วันพฤหัสบดี 11:00 to 14:00, 17:00 to 22:00 · วันศุกร์ 11:00 to 14:00, 17:00 to 22:00 · วันเสาร์ 17:00 to 22:00 · วันอาทิตย์ ปิดทำการ · วันจันทร์ 11:00 to 14:00, 17:00 to 22:00",https://www.facebook.com/MadmoaAsok?mibextid=LQQJ4d,False,https://www.google.com/maps/search/?api=1&query=%E0%B9%81%E0%B8%A1%E0%B8%94%E0%B9%82%E0%B8%A1%E0%B8%AD%E0%B8%B2%20%E0%B8%AD%E0%B9%82%E0%B8%A8%E0%B8%81%20Mad%20moa%20asok&query_place_id=ChIJgX-SHpqf4jARTZxC5FBJGwQ
Do Nūa - La Villa Ari,อารีย์,ภัตตาคารอาหารไทย,4.9,155,฿200-400,200,400,"3rd Floor, 356 ถ. พหลโยธิน แขวงสามเสนใน เขตพญาไท กรุงเทพมหานคร 10400 ไทย",144,วันอังคาร 11:00 to 22:00 · วันพุธ 11:00 to 21:00 · วันพฤหัสบดี 11:00 to 22:00 · วันศุกร์ 11:00 to 22:00 · วันเสาร์ 11:00 to 22:00 · วันอาทิตย์ 11:00 to 22:00 · วันจันทร์ 11:00 to 22:00,http://www.facebook.com/p/Do-N%C5%ABa-100090583812430,False,https://www.google.com/maps/search/?api=1&query=Do%20N%C5%ABa%20-%20La%20Villa%20Ari&query_place_id=ChIJzSGKcbqd4jARz2juHM1CBWU
The Oasis,พร้อมพงษ์,ภัตตาคารอาหารบุฟเฟต์,4.6,80,"฿1,000+",1000,,27 ถ. ทองหล่อ แขวงคลองตันเหนือ เขตวัฒนา กรุงเทพมหานคร 10110 ไทย,1182,วันอังคาร 5:30 to 10:30 · วันพุธ 5:30 to 10:30 · วันพฤหัสบดี 5:30 to 10:30 · วันศุกร์ 5:30 to 10:30 · วันเสาร์ 6:00 to 10:30 · วันอาทิตย์ 6:00 to 10:30 · วันจันทร์ 5:30 to 10:30,http://www.nikkobangkok.com/,False,https://www.google.com/maps/search/?api=1&query=The%20Oasis&query_place_id=ChIJfcuAau6f4jARfbSLCc2av3I
Khun Ake Mam Ari Pad Thai,อารีย์,ภัตตาคารอาหารไทย,5,55,฿1-200,1,200,"1, 4 ซ. พหลโยธิน 7 แขวงพญาไท เขตพญาไท กรุงเทพมหานคร 10400 ไทย",176,วันอังคาร 15:00 to 20:00 · วันพุธ 15:00 to 20:00 · วันพฤหัสบดี 15:00 to 20:00 · วันศุกร์ 15:00 to 20:00 · วันเสาร์ ปิดทำการ · วันอาทิตย์ 15:00 to 20:00 · วันจันทร์ 15:00 to 20:00,,False,https://www.google.com/maps/search/?api=1&query=Khun%20Ake%20Mam%20Ari%20Pad%20Thai&query_place_id=ChIJ2RWf5_ad4jARIsr_mSJ0-Wg
Miss Siam Restaurant (ห้องอาหารมิสสยาม),สยาม,ร้านอาหาร,4.7,49,"฿1,000-1,200",1000,1200,400 ถ. พญาไท แขวงวังใหม่ เขตปทุมวัน กรุงเทพมหานคร 10300 ไทย,486,วันอังคาร 11:30 to 21:30 · วันพุธ 11:30 to 21:30 · วันพฤหัสบดี 11:30 to 21:30 · วันศุกร์ 11:30 to 21:30 · วันเสาร์ 11:30 to 21:30 · วันอาทิตย์ 11:30 to 21:30 · วันจันทร์ 11:30 to 21:30,,True,https://www.google.com/maps/search/?api=1&query=Miss%20Siam%20Restaurant%20(%E0%B8%AB%E0%B9%89%E0%B8%AD%E0%B8%87%E0%B8%AD%E0%B8%B2%E0%B8%AB%E0%B8%B2%E0%B8%A3%E0%B8%A1%E0%B8%B4%E0%B8%AA%E0%B8%AA%E0%B8%A2%E0%B8%B2%E0%B8%A1)&query_place_id=ChIJ3-VagW6f4jARTZSahLdTbfM
Shiki Fusion,สยาม,ร้านอาหาร,4.8,33,,,,"7101 Democracy Blvd #3200, Bethesda, MD 20817",14142345,วันอังคาร 11:30 to 21:30 · วันพุธ 11:30 to 21:30 · วันพฤหัสบดี 11:30 to 21:30 · วันศุกร์ 11:30 to 22:30 · วันเสาร์ 11:30 to 22:30 · วันอาทิตย์ 11:30 to 21:30 · วันจันทร์ 11:30 to 21:30,http://shikifusion.com/,False,https://www.google.com/maps/search/?api=1&query=Shiki%20Fusion&query_place_id=ChIJkQqkiVLNt4kRZCGQJN8WucU
Sitting Corner Ari,อารีย์,ร้านอาหาร,5,23,฿1-200,1,200,19 2 ซอย อารีย์ 1 แขวงพญาไท เขตพญาไท กรุงเทพมหานคร 10400 ไทย,206,วันอังคาร 10:30 to 15:30 · วันพุธ 10:30 to 15:30 · วันพฤหัสบดี 10:30 to 15:30 · วันศุกร์ 10:30 to 15:30 · วันเสาร์ ปิดทำการ · วันอาทิตย์ ปิดทำการ · วันจันทร์ 10:30 to 15:30,,False,https://www.google.com/maps/search/?api=1&query=Sitting%20Corner%20Ari&query_place_id=ChIJzwlzVgCf4jAR9cQPB4xZOIU
